[2026-04-16 14:08:04] production.ERROR: SQLSTATE[22001]: String data, right truncated: 1406 Data too long for column 'url' at row 1 (Connection: mysql, SQL: insert into `visits` (`visitor_id`, `user_id`, `ip_address`, `url`, `visited_at`, `updated_at`, `created_at`) values (1953, 774, 162.159.122.143, https://onestoryplanet.com/auth/google/callback?authuser=0&code=4%2F0Aci98E8Euv6pUh9rFXTViwGO2LHF8LMouS3vt_7hIaopDmSyLJHAow0j2YXtC3hmoE7ZKQ&iss=https%3A%2F%2Faccounts.google.com&prompt=none&scope=email%20profile%20https%3A%2F%2Fwww.googleapis.com%2Fauth%2Fuserinfo.profile%20openid%20https%3A%2F%2Fwww.googleapis.com%2Fauth%2Fuserinfo.email&state=XGrsW2LNZP65nmjtm2CskFIe51Uw9VN2e8R2BzzY, 2026-04-16 14:08:04, 2026-04-16 14:08:04, 2026-04-16 14:08:04)) {"userId":774,"exception":"[object] (Illuminate\\Database\\QueryException(code: 22001): SQLSTATE[22001]: String data, right truncated: 1406 Data too long for column 'url' at row 1 (Connection: mysql, SQL: insert into `visits` (`visitor_id`, `user_id`, `ip_address`, `url`, `visited_at`, `updated_at`, `created_at`) values (1953, 774, 162.159.122.143, https://onestoryplanet.com/auth/google/callback?authuser=0&code=4%2F0Aci98E8Euv6pUh9rFXTViwGO2LHF8LMouS3vt_7hIaopDmSyLJHAow0j2YXtC3hmoE7ZKQ&iss=https%3A%2F%2Faccounts.google.com&prompt=none&scope=email%20profile%20https%3A%2F%2Fwww.googleapis.com%2Fauth%2Fuserinfo.profile%20openid%20https%3A%2F%2Fwww.googleapis.com%2Fauth%2Fuserinfo.email&state=XGrsW2LNZP65nmjtm2CskFIe51Uw9VN2e8R2BzzY, 2026-04-16 14:08:04, 2026-04-16 14:08:04, 2026-04-16 14:08:04)) at /var/www/html/onestory-main-site/vendor/laravel/framework/src/Illuminate/Database/Connection.php:825)
[stacktrace]
#0 /var/www/html/onestory-main-site/vendor/laravel/framework/src/Illuminate/Database/Connection.php(779): Illuminate\\Database\\Connection->runQueryCallback()
#1 /var/www/html/onestory-main-site/vendor/laravel/framework/src/Illuminate/Database/MySqlConnection.php(42): Illuminate\\Database\\Connection->run()
#2 /var/www/html/onestory-main-site/vendor/laravel/framework/src/Illuminate/Database/Query/Processors/MySqlProcessor.php(35): Illuminate\\Database\\MySqlConnection->insert()
#3 /var/www/html/onestory-main-site/vendor/laravel/framework/src/Illuminate/Database/Query/Builder.php(3798): Illuminate\\Database\\Query\\Processors\\MySqlProcessor->processInsertGetId()
#4 /var/www/html/onestory-main-site/vendor/laravel/framework/src/Illuminate/Database/Eloquent/Builder.php(2038): Illuminate\\Database\\Query\\Builder->insertGetId()
#5 /var/www/html/onestory-main-site/vendor/laravel/framework/src/Illuminate/Database/Eloquent/Model.php(1358): Illuminate\\Database\\Eloquent\\Builder->__call()
#6 /var/www/html/onestory-main-site/vendor/laravel/framework/src/Illuminate/Database/Eloquent/Model.php(1323): Illuminate\\Database\\Eloquent\\Model->insertAndSetId()
#7 /var/www/html/onestory-main-site/vendor/laravel/framework/src/Illuminate/Database/Eloquent/Model.php(1162): Illuminate\\Database\\Eloquent\\Model->performInsert()
#8 /var/www/html/onestory-main-site/vendor/laravel/framework/src/Illuminate/Database/Eloquent/Builder.php(1079): Illuminate\\Database\\Eloquent\\Model->save()
#9 /var/www/html/onestory-main-site/vendor/laravel/framework/src/Illuminate/Support/helpers.php(380): Illuminate\\Database\\Eloquent\\Builder->Illuminate\\Database\\Eloquent\\{closure}()
#10 /var/www/html/onestory-main-site/vendor/laravel/framework/src/Illuminate/Database/Eloquent/Builder.php(1078): tap()
#11 /var/www/html/onestory-main-site/vendor/laravel/framework/src/Illuminate/Support/Traits/ForwardsCalls.php(23): Illuminate\\Database\\Eloquent\\Builder->create()
#12 /var/www/html/onestory-main-site/vendor/laravel/framework/src/Illuminate/Database/Eloquent/Model.php(2367): Illuminate\\Database\\Eloquent\\Model->forwardCallTo()
#13 /var/www/html/onestory-main-site/vendor/laravel/framework/src/Illuminate/Database/Eloquent/Model.php(2379): Illuminate\\Database\\Eloquent\\Model->__call()
#14 /var/www/html/onestory-main-site/app/Http/Middleware/TrackVisitor.php(87): Illuminate\\Database\\Eloquent\\Model::__callStatic()
#15 /var/www/html/onestory-main-site/vendor/laravel/framework/src/Illuminate/Pipeline/Pipeline.php(183): App\\Http\\Middleware\\TrackVisitor->handle()
#16 /var/www/html/onestory-main-site/app/Http/Middleware/LogGiftTransactionDetails.php(44): Illuminate\\Pipeline\\Pipeline->Illuminate\\Pipeline\\{closure}()
#17 /var/www/html/onestory-main-site/vendor/laravel/framework/src/Illuminate/Pipeline/Pipeline.php(183): App\\Http\\Middleware\\LogGiftTransactionDetails->handle()
#18 /var/www/html/onestory-main-site/vendor/inertiajs/inertia-laravel/src/Middleware.php(86): Illuminate\\Pipeline\\Pipeline->Illuminate\\Pipeline\\{closure}()
#19 /var/www/html/onestory-main-site/vendor/laravel/framework/src/Illuminate/Pipeline/Pipeline.php(183): Inertia\\Middleware->handle()
#20 /var/www/html/onestory-main-site/vendor/laravel/framework/src/Illuminate/Routing/Middleware/SubstituteBindings.php(51): Illuminate\\Pipeline\\Pipeline->Illuminate\\Pipeline\\{closure}()
#21 /var/www/html/onestory-main-site/vendor/laravel/framework/src/Illuminate/Pipeline/Pipeline.php(183): Illuminate\\Routing\\Middleware\\SubstituteBindings->handle()
#22 /var/www/html/onestory-main-site/vendor/laravel/framework/src/Illuminate/Foundation/Http/Middleware/VerifyCsrfToken.php(88): Illuminate\\Pipeline\\Pipeline->Illuminate\\Pipeline\\{closure}()
#23 /var/www/html/onestory-main-site/vendor/laravel/framework/src/Illuminate/Pipeline/Pipeline.php(183): Illuminate\\Foundation\\Http\\Middleware\\VerifyCsrfToken->handle()
#24 /var/www/html/onestory-main-site/vendor/laravel/framework/src/Illuminate/View/Middleware/ShareErrorsFromSession.php(49): Illuminate\\Pipeline\\Pipeline->Illuminate\\Pipeline\\{closure}()
#25 /var/www/html/onestory-main-site/vendor/laravel/framework/src/Illuminate/Pipeline/Pipeline.php(183): Illuminate\\View\\Middleware\\ShareErrorsFromSession->handle()
#26 /var/www/html/onestory-main-site/vendor/laravel/framework/src/Illuminate/Session/Middleware/StartSession.php(121): Illuminate\\Pipeline\\Pipeline->Illuminate\\Pipeline\\{closure}()
#27 /var/www/html/onestory-main-site/vendor/laravel/framework/src/Illuminate/Session/Middleware/StartSession.php(64): Illuminate\\Session\\Middleware\\StartSession->handleStatefulRequest()
#28 /var/www/html/onestory-main-site/vendor/laravel/framework/src/Illuminate/Pipeline/Pipeline.php(183): Illuminate\\Session\\Middleware\\StartSession->handle()
#29 /var/www/html/onestory-main-site/vendor/laravel/framework/src/Illuminate/Cookie/Middleware/AddQueuedCookiesToResponse.php(37): Illuminate\\Pipeline\\Pipeline->Illuminate\\Pipeline\\{closure}()
#30 /var/www/html/onestory-main-site/vendor/laravel/framework/src/Illuminate/Pipeline/Pipeline.php(183): Illuminate\\Cookie\\Middleware\\AddQueuedCookiesToResponse->handle()
#31 /var/www/html/onestory-main-site/vendor/laravel/framework/src/Illuminate/Cookie/Middleware/EncryptCookies.php(75): Illuminate\\Pipeline\\Pipeline->Illuminate\\Pipeline\\{closure}()
#32 /var/www/html/onestory-main-site/vendor/laravel/framework/src/Illuminate/Pipeline/Pipeline.php(183): Illuminate\\Cookie\\Middleware\\EncryptCookies->handle()
#33 /var/www/html/onestory-main-site/vendor/laravel/framework/src/Illuminate/Pipeline/Pipeline.php(119): Illuminate\\Pipeline\\Pipeline->Illuminate\\Pipeline\\{closure}()
#34 /var/www/html/onestory-main-site/vendor/laravel/framework/src/Illuminate/Routing/Router.php(807): Illuminate\\Pipeline\\Pipeline->then()
#35 /var/www/html/onestory-main-site/vendor/laravel/framework/src/Illuminate/Routing/Router.php(786): Illuminate\\Routing\\Router->runRouteWithinStack()
#36 /var/www/html/onestory-main-site/vendor/laravel/framework/src/Illuminate/Routing/Router.php(750): Illuminate\\Routing\\Router->runRoute()
#37 /var/www/html/onestory-main-site/vendor/laravel/framework/src/Illuminate/Routing/Router.php(739): Illuminate\\Routing\\Router->dispatchToRoute()
#38 /var/www/html/onestory-main-site/vendor/laravel/framework/src/Illuminate/Foundation/Http/Kernel.php(201): Illuminate\\Routing\\Router->dispatch()
#39 /var/www/html/onestory-main-site/vendor/laravel/framework/src/Illuminate/Pipeline/Pipeline.php(144): Illuminate\\Foundation\\Http\\Kernel->Illuminate\\Foundation\\Http\\{closure}()
#40 /var/www/html/onestory-main-site/vendor/laravel/framework/src/Illuminate/Foundation/Http/Middleware/TransformsRequest.php(21): Illuminate\\Pipeline\\Pipeline->Illuminate\\Pipeline\\{closure}()
#41 /var/www/html/onestory-main-site/vendor/laravel/framework/src/Illuminate/Foundation/Http/Middleware/ConvertEmptyStringsToNull.php(31): Illuminate\\Foundation\\Http\\Middleware\\TransformsRequest->handle()
#42 /var/www/html/onestory-main-site/vendor/laravel/framework/src/Illuminate/Pipeline/Pipeline.php(183): Illuminate\\Foundation\\Http\\Middleware\\ConvertEmptyStringsToNull->handle()
#43 /var/www/html/onestory-main-site/vendor/laravel/framework/src/Illuminate/Foundation/Http/Middleware/TransformsRequest.php(21): Illuminate\\Pipeline\\Pipeline->Illuminate\\Pipeline\\{closure}()
#44 /var/www/html/onestory-main-site/vendor/laravel/framework/src/Illuminate/Foundation/Http/Middleware/TrimStrings.php(51): Illuminate\\Foundation\\Http\\Middleware\\TransformsRequest->handle()
#45 /var/www/html/onestory-main-site/vendor/laravel/framework/src/Illuminate/Pipeline/Pipeline.php(183): Illuminate\\Foundation\\Http\\Middleware\\TrimStrings->handle()
#46 /var/www/html/onestory-main-site/vendor/laravel/framework/src/Illuminate/Http/Middleware/ValidatePostSize.php(27): Illuminate\\Pipeline\\Pipeline->Illuminate\\Pipeline\\{closure}()
#47 /var/www/html/onestory-main-site/vendor/laravel/framework/src/Illuminate/Pipeline/Pipeline.php(183): Illuminate\\Http\\Middleware\\ValidatePostSize->handle()
#48 /var/www/html/onestory-main-site/vendor/laravel/framework/src/Illuminate/Foundation/Http/Middleware/PreventRequestsDuringMaintenance.php(110): Illuminate\\Pipeline\\Pipeline->Illuminate\\Pipeline\\{closure}()
#49 /var/www/html/onestory-main-site/vendor/laravel/framework/src/Illuminate/Pipeline/Pipeline.php(183): Illuminate\\Foundation\\Http\\Middleware\\PreventRequestsDuringMaintenance->handle()
#50 /var/www/html/onestory-main-site/vendor/laravel/framework/src/Illuminate/Http/Middleware/HandleCors.php(49): Illuminate\\Pipeline\\Pipeline->Illuminate\\Pipeline\\{closure}()
#51 /var/www/html/onestory-main-site/vendor/laravel/framework/src/Illuminate/Pipeline/Pipeline.php(183): Illuminate\\Http\\Middleware\\HandleCors->handle()
#52 /var/www/html/onestory-main-site/vendor/laravel/framework/src/Illuminate/Http/Middleware/TrustProxies.php(58): Illuminate\\Pipeline\\Pipeline->Illuminate\\Pipeline\\{closure}()
#53 /var/www/html/onestory-main-site/vendor/laravel/framework/src/Illuminate/Pipeline/Pipeline.php(183): Illuminate\\Http\\Middleware\\TrustProxies->handle()
#54 /var/www/html/onestory-main-site/vendor/laravel/framework/src/Illuminate/Foundation/Http/Middleware/InvokeDeferredCallbacks.php(22): Illuminate\\Pipeline\\Pipeline->Illuminate\\Pipeline\\{closure}()
#55 /var/www/html/onestory-main-site/vendor/laravel/framework/src/Illuminate/Pipeline/Pipeline.php(183): Illuminate\\Foundation\\Http\\Middleware\\InvokeDeferredCallbacks->handle()
#56 /var/www/html/onestory-main-site/vendor/laravel/framework/src/Illuminate/Pipeline/Pipeline.php(119): Illuminate\\Pipeline\\Pipeline->Illuminate\\Pipeline\\{closure}()
#57 /var/www/html/onestory-main-site/vendor/laravel/framework/src/Illuminate/Foundation/Http/Kernel.php(176): Illuminate\\Pipeline\\Pipeline->then()
#58 /var/www/html/onestory-main-site/vendor/laravel/framework/src/Illuminate/Foundation/Http/Kernel.php(145): Illuminate\\Foundation\\Http\\Kernel->sendRequestThroughRouter()
#59 /var/www/html/onestory-main-site/vendor/laravel/framework/src/Illuminate/Foundation/Application.php(1188): Illuminate\\Foundation\\Http\\Kernel->handle()
#60 /var/www/html/onestory-main-site/public/index.php(17): Illuminate\\Foundation\\Application->handleRequest()
#61 {main}

[previous exception] [object] (PDOException(code: 22001): SQLSTATE[22001]: String data, right truncated: 1406 Data too long for column 'url' at row 1 at /var/www/html/onestory-main-site/vendor/laravel/framework/src/Illuminate/Database/MySqlConnection.php:53)
[stacktrace]
#0 /var/www/html/onestory-main-site/vendor/laravel/framework/src/Illuminate/Database/MySqlConnection.php(53): PDOStatement->execute()
#1 /var/www/html/onestory-main-site/vendor/laravel/framework/src/Illuminate/Database/Connection.php(812): Illuminate\\Database\\MySqlConnection->Illuminate\\Database\\{closure}()
#2 /var/www/html/onestory-main-site/vendor/laravel/framework/src/Illuminate/Database/Connection.php(779): Illuminate\\Database\\Connection->runQueryCallback()
#3 /var/www/html/onestory-main-site/vendor/laravel/framework/src/Illuminate/Database/MySqlConnection.php(42): Illuminate\\Database\\Connection->run()
#4 /var/www/html/onestory-main-site/vendor/laravel/framework/src/Illuminate/Database/Query/Processors/MySqlProcessor.php(35): Illuminate\\Database\\MySqlConnection->insert()
#5 /var/www/html/onestory-main-site/vendor/laravel/framework/src/Illuminate/Database/Query/Builder.php(3798): Illuminate\\Database\\Query\\Processors\\MySqlProcessor->processInsertGetId()
#6 /var/www/html/onestory-main-site/vendor/laravel/framework/src/Illuminate/Database/Eloquent/Builder.php(2038): Illuminate\\Database\\Query\\Builder->insertGetId()
#7 /var/www/html/onestory-main-site/vendor/laravel/framework/src/Illuminate/Database/Eloquent/Model.php(1358): Illuminate\\Database\\Eloquent\\Builder->__call()
#8 /var/www/html/onestory-main-site/vendor/laravel/framework/src/Illuminate/Database/Eloquent/Model.php(1323): Illuminate\\Database\\Eloquent\\Model->insertAndSetId()
#9 /var/www/html/onestory-main-site/vendor/laravel/framework/src/Illuminate/Database/Eloquent/Model.php(1162): Illuminate\\Database\\Eloquent\\Model->performInsert()
#10 /var/www/html/onestory-main-site/vendor/laravel/framework/src/Illuminate/Database/Eloquent/Builder.php(1079): Illuminate\\Database\\Eloquent\\Model->save()
#11 /var/www/html/onestory-main-site/vendor/laravel/framework/src/Illuminate/Support/helpers.php(380): Illuminate\\Database\\Eloquent\\Builder->Illuminate\\Database\\Eloquent\\{closure}()
#12 /var/www/html/onestory-main-site/vendor/laravel/framework/src/Illuminate/Database/Eloquent/Builder.php(1078): tap()
#13 /var/www/html/onestory-main-site/vendor/laravel/framework/src/Illuminate/Support/Traits/ForwardsCalls.php(23): Illuminate\\Database\\Eloquent\\Builder->create()
#14 /var/www/html/onestory-main-site/vendor/laravel/framework/src/Illuminate/Database/Eloquent/Model.php(2367): Illuminate\\Database\\Eloquent\\Model->forwardCallTo()
#15 /var/www/html/onestory-main-site/vendor/laravel/framework/src/Illuminate/Database/Eloquent/Model.php(2379): Illuminate\\Database\\Eloquent\\Model->__call()
#16 /var/www/html/onestory-main-site/app/Http/Middleware/TrackVisitor.php(87): Illuminate\\Database\\Eloquent\\Model::__callStatic()
#17 /var/www/html/onestory-main-site/vendor/laravel/framework/src/Illuminate/Pipeline/Pipeline.php(183): App\\Http\\Middleware\\TrackVisitor->handle()
#18 /var/www/html/onestory-main-site/app/Http/Middleware/LogGiftTransactionDetails.php(44): Illuminate\\Pipeline\\Pipeline->Illuminate\\Pipeline\\{closure}()
#19 /var/www/html/onestory-main-site/vendor/laravel/framework/src/Illuminate/Pipeline/Pipeline.php(183): App\\Http\\Middleware\\LogGiftTransactionDetails->handle()
#20 /var/www/html/onestory-main-site/vendor/inertiajs/inertia-laravel/src/Middleware.php(86): Illuminate\\Pipeline\\Pipeline->Illuminate\\Pipeline\\{closure}()
#21 /var/www/html/onestory-main-site/vendor/laravel/framework/src/Illuminate/Pipeline/Pipeline.php(183): Inertia\\Middleware->handle()
#22 /var/www/html/onestory-main-site/vendor/laravel/framework/src/Illuminate/Routing/Middleware/SubstituteBindings.php(51): Illuminate\\Pipeline\\Pipeline->Illuminate\\Pipeline\\{closure}()
#23 /var/www/html/onestory-main-site/vendor/laravel/framework/src/Illuminate/Pipeline/Pipeline.php(183): Illuminate\\Routing\\Middleware\\SubstituteBindings->handle()
#24 /var/www/html/onestory-main-site/vendor/laravel/framework/src/Illuminate/Foundation/Http/Middleware/VerifyCsrfToken.php(88): Illuminate\\Pipeline\\Pipeline->Illuminate\\Pipeline\\{closure}()
#25 /var/www/html/onestory-main-site/vendor/laravel/framework/src/Illuminate/Pipeline/Pipeline.php(183): Illuminate\\Foundation\\Http\\Middleware\\VerifyCsrfToken->handle()
#26 /var/www/html/onestory-main-site/vendor/laravel/framework/src/Illuminate/View/Middleware/ShareErrorsFromSession.php(49): Illuminate\\Pipeline\\Pipeline->Illuminate\\Pipeline\\{closure}()
#27 /var/www/html/onestory-main-site/vendor/laravel/framework/src/Illuminate/Pipeline/Pipeline.php(183): Illuminate\\View\\Middleware\\ShareErrorsFromSession->handle()
#28 /var/www/html/onestory-main-site/vendor/laravel/framework/src/Illuminate/Session/Middleware/StartSession.php(121): Illuminate\\Pipeline\\Pipeline->Illuminate\\Pipeline\\{closure}()
#29 /var/www/html/onestory-main-site/vendor/laravel/framework/src/Illuminate/Session/Middleware/StartSession.php(64): Illuminate\\Session\\Middleware\\StartSession->handleStatefulRequest()
#30 /var/www/html/onestory-main-site/vendor/laravel/framework/src/Illuminate/Pipeline/Pipeline.php(183): Illuminate\\Session\\Middleware\\StartSession->handle()
#31 /var/www/html/onestory-main-site/vendor/laravel/framework/src/Illuminate/Cookie/Middleware/AddQueuedCookiesToResponse.php(37): Illuminate\\Pipeline\\Pipeline->Illuminate\\Pipeline\\{closure}()
#32 /var/www/html/onestory-main-site/vendor/laravel/framework/src/Illuminate/Pipeline/Pipeline.php(183): Illuminate\\Cookie\\Middleware\\AddQueuedCookiesToResponse->handle()
#33 /var/www/html/onestory-main-site/vendor/laravel/framework/src/Illuminate/Cookie/Middleware/EncryptCookies.php(75): Illuminate\\Pipeline\\Pipeline->Illuminate\\Pipeline\\{closure}()
#34 /var/www/html/onestory-main-site/vendor/laravel/framework/src/Illuminate/Pipeline/Pipeline.php(183): Illuminate\\Cookie\\Middleware\\EncryptCookies->handle()
#35 /var/www/html/onestory-main-site/vendor/laravel/framework/src/Illuminate/Pipeline/Pipeline.php(119): Illuminate\\Pipeline\\Pipeline->Illuminate\\Pipeline\\{closure}()
#36 /var/www/html/onestory-main-site/vendor/laravel/framework/src/Illuminate/Routing/Router.php(807): Illuminate\\Pipeline\\Pipeline->then()
#37 /var/www/html/onestory-main-site/vendor/laravel/framework/src/Illuminate/Routing/Router.php(786): Illuminate\\Routing\\Router->runRouteWithinStack()
#38 /var/www/html/onestory-main-site/vendor/laravel/framework/src/Illuminate/Routing/Router.php(750): Illuminate\\Routing\\Router->runRoute()
#39 /var/www/html/onestory-main-site/vendor/laravel/framework/src/Illuminate/Routing/Router.php(739): Illuminate\\Routing\\Router->dispatchToRoute()
#40 /var/www/html/onestory-main-site/vendor/laravel/framework/src/Illuminate/Foundation/Http/Kernel.php(201): Illuminate\\Routing\\Router->dispatch()
#41 /var/www/html/onestory-main-site/vendor/laravel/framework/src/Illuminate/Pipeline/Pipeline.php(144): Illuminate\\Foundation\\Http\\Kernel->Illuminate\\Foundation\\Http\\{closure}()
#42 /var/www/html/onestory-main-site/vendor/laravel/framework/src/Illuminate/Foundation/Http/Middleware/TransformsRequest.php(21): Illuminate\\Pipeline\\Pipeline->Illuminate\\Pipeline\\{closure}()
#43 /var/www/html/onestory-main-site/vendor/laravel/framework/src/Illuminate/Foundation/Http/Middleware/ConvertEmptyStringsToNull.php(31): Illuminate\\Foundation\\Http\\Middleware\\TransformsRequest->handle()
#44 /var/www/html/onestory-main-site/vendor/laravel/framework/src/Illuminate/Pipeline/Pipeline.php(183): Illuminate\\Foundation\\Http\\Middleware\\ConvertEmptyStringsToNull->handle()
#45 /var/www/html/onestory-main-site/vendor/laravel/framework/src/Illuminate/Foundation/Http/Middleware/TransformsRequest.php(21): Illuminate\\Pipeline\\Pipeline->Illuminate\\Pipeline\\{closure}()
#46 /var/www/html/onestory-main-site/vendor/laravel/framework/src/Illuminate/Foundation/Http/Middleware/TrimStrings.php(51): Illuminate\\Foundation\\Http\\Middleware\\TransformsRequest->handle()
#47 /var/www/html/onestory-main-site/vendor/laravel/framework/src/Illuminate/Pipeline/Pipeline.php(183): Illuminate\\Foundation\\Http\\Middleware\\TrimStrings->handle()
#48 /var/www/html/onestory-main-site/vendor/laravel/framework/src/Illuminate/Http/Middleware/ValidatePostSize.php(27): Illuminate\\Pipeline\\Pipeline->Illuminate\\Pipeline\\{closure}()
#49 /var/www/html/onestory-main-site/vendor/laravel/framework/src/Illuminate/Pipeline/Pipeline.php(183): Illuminate\\Http\\Middleware\\ValidatePostSize->handle()
#50 /var/www/html/onestory-main-site/vendor/laravel/framework/src/Illuminate/Foundation/Http/Middleware/PreventRequestsDuringMaintenance.php(110): Illuminate\\Pipeline\\Pipeline->Illuminate\\Pipeline\\{closure}()
#51 /var/www/html/onestory-main-site/vendor/laravel/framework/src/Illuminate/Pipeline/Pipeline.php(183): Illuminate\\Foundation\\Http\\Middleware\\PreventRequestsDuringMaintenance->handle()
#52 /var/www/html/onestory-main-site/vendor/laravel/framework/src/Illuminate/Http/Middleware/HandleCors.php(49): Illuminate\\Pipeline\\Pipeline->Illuminate\\Pipeline\\{closure}()
#53 /var/www/html/onestory-main-site/vendor/laravel/framework/src/Illuminate/Pipeline/Pipeline.php(183): Illuminate\\Http\\Middleware\\HandleCors->handle()
#54 /var/www/html/onestory-main-site/vendor/laravel/framework/src/Illuminate/Http/Middleware/TrustProxies.php(58): Illuminate\\Pipeline\\Pipeline->Illuminate\\Pipeline\\{closure}()
#55 /var/www/html/onestory-main-site/vendor/laravel/framework/src/Illuminate/Pipeline/Pipeline.php(183): Illuminate\\Http\\Middleware\\TrustProxies->handle()
#56 /var/www/html/onestory-main-site/vendor/laravel/framework/src/Illuminate/Foundation/Http/Middleware/InvokeDeferredCallbacks.php(22): Illuminate\\Pipeline\\Pipeline->Illuminate\\Pipeline\\{closure}()
#57 /var/www/html/onestory-main-site/vendor/laravel/framework/src/Illuminate/Pipeline/Pipeline.php(183): Illuminate\\Foundation\\Http\\Middleware\\InvokeDeferredCallbacks->handle()
#58 /var/www/html/onestory-main-site/vendor/laravel/framework/src/Illuminate/Pipeline/Pipeline.php(119): Illuminate\\Pipeline\\Pipeline->Illuminate\\Pipeline\\{closure}()
#59 /var/www/html/onestory-main-site/vendor/laravel/framework/src/Illuminate/Foundation/Http/Kernel.php(176): Illuminate\\Pipeline\\Pipeline->then()
#60 /var/www/html/onestory-main-site/vendor/laravel/framework/src/Illuminate/Foundation/Http/Kernel.php(145): Illuminate\\Foundation\\Http\\Kernel->sendRequestThroughRouter()
#61 /var/www/html/onestory-main-site/vendor/laravel/framework/src/Illuminate/Foundation/Application.php(1188): Illuminate\\Foundation\\Http\\Kernel->handle()
#62 /var/www/html/onestory-main-site/public/index.php(17): Illuminate\\Foundation\\Application->handleRequest()
#63 {main}
"} 
[2026-04-16 14:09:33] production.ERROR: Google OAuth callback error: Client error: `POST https://www.googleapis.com/oauth2/v4/token` resulted in a `400 Bad Request` response:
{
  "error": "invalid_grant",
  "error_description": "Bad Request"
}
 {"exception":"[object] (GuzzleHttp\\Exception\\ClientException(code: 400): Client error: `POST https://www.googleapis.com/oauth2/v4/token` resulted in a `400 Bad Request` response:
{
  \"error\": \"invalid_grant\",
  \"error_description\": \"Bad Request\"
}
 at /var/www/html/onestory-main-site/vendor/guzzlehttp/guzzle/src/Exception/RequestException.php:111)
[stacktrace]
#0 /var/www/html/onestory-main-site/vendor/guzzlehttp/guzzle/src/Middleware.php(72): GuzzleHttp\\Exception\\RequestException::create()
#1 /var/www/html/onestory-main-site/vendor/guzzlehttp/promises/src/Promise.php(209): GuzzleHttp\\Middleware::GuzzleHttp\\{closure}()
#2 /var/www/html/onestory-main-site/vendor/guzzlehttp/promises/src/Promise.php(158): GuzzleHttp\\Promise\\Promise::callHandler()
#3 /var/www/html/onestory-main-site/vendor/guzzlehttp/promises/src/TaskQueue.php(52): GuzzleHttp\\Promise\\Promise::GuzzleHttp\\Promise\\{closure}()
#4 /var/www/html/onestory-main-site/vendor/guzzlehttp/promises/src/Promise.php(251): GuzzleHttp\\Promise\\TaskQueue->run()
#5 /var/www/html/onestory-main-site/vendor/guzzlehttp/promises/src/Promise.php(227): GuzzleHttp\\Promise\\Promise->invokeWaitFn()
#6 /var/www/html/onestory-main-site/vendor/guzzlehttp/promises/src/Promise.php(272): GuzzleHttp\\Promise\\Promise->waitIfPending()
#7 /var/www/html/onestory-main-site/vendor/guzzlehttp/promises/src/Promise.php(229): GuzzleHttp\\Promise\\Promise->invokeWaitList()
#8 /var/www/html/onestory-main-site/vendor/guzzlehttp/promises/src/Promise.php(69): GuzzleHttp\\Promise\\Promise->waitIfPending()
#9 /var/www/html/onestory-main-site/vendor/guzzlehttp/guzzle/src/Client.php(189): GuzzleHttp\\Promise\\Promise->wait()
#10 /var/www/html/onestory-main-site/vendor/guzzlehttp/guzzle/src/ClientTrait.php(95): GuzzleHttp\\Client->request()
#11 /var/www/html/onestory-main-site/vendor/laravel/socialite/src/Two/AbstractProvider.php(301): GuzzleHttp\\Client->post()
#12 /var/www/html/onestory-main-site/vendor/laravel/socialite/src/Two/AbstractProvider.php(240): Laravel\\Socialite\\Two\\AbstractProvider->getAccessTokenResponse()
#13 /var/www/html/onestory-main-site/app/Http/Controllers/Auth/OAuth/GoogleSocialController.php(26): Laravel\\Socialite\\Two\\AbstractProvider->user()
#14 /var/www/html/onestory-main-site/vendor/laravel/framework/src/Illuminate/Routing/ControllerDispatcher.php(46): App\\Http\\Controllers\\Auth\\OAuth\\GoogleSocialController->callback()
#15 /var/www/html/onestory-main-site/vendor/laravel/framework/src/Illuminate/Routing/Route.php(264): Illuminate\\Routing\\ControllerDispatcher->dispatch()
#16 /var/www/html/onestory-main-site/vendor/laravel/framework/src/Illuminate/Routing/Route.php(210): Illuminate\\Routing\\Route->runController()
#17 /var/www/html/onestory-main-site/vendor/laravel/framework/src/Illuminate/Routing/Router.php(808): Illuminate\\Routing\\Route->run()
#18 /var/www/html/onestory-main-site/vendor/laravel/framework/src/Illuminate/Pipeline/Pipeline.php(144): Illuminate\\Routing\\Router->Illuminate\\Routing\\{closure}()
#19 /var/www/html/onestory-main-site/vendor/laravel/framework/src/Illuminate/Auth/Middleware/RedirectIfAuthenticated.php(35): Illuminate\\Pipeline\\Pipeline->Illuminate\\Pipeline\\{closure}()
#20 /var/www/html/onestory-main-site/vendor/laravel/framework/src/Illuminate/Pipeline/Pipeline.php(183): Illuminate\\Auth\\Middleware\\RedirectIfAuthenticated->handle()
#21 /var/www/html/onestory-main-site/vendor/laravel/framework/src/Illuminate/Http/Middleware/AddLinkHeadersForPreloadedAssets.php(20): Illuminate\\Pipeline\\Pipeline->Illuminate\\Pipeline\\{closure}()
#22 /var/www/html/onestory-main-site/vendor/laravel/framework/src/Illuminate/Pipeline/Pipeline.php(183): Illuminate\\Http\\Middleware\\AddLinkHeadersForPreloadedAssets->handle()
#23 /var/www/html/onestory-main-site/app/Http/Middleware/TrackVisitor.php(49): Illuminate\\Pipeline\\Pipeline->Illuminate\\Pipeline\\{closure}()
#24 /var/www/html/onestory-main-site/vendor/laravel/framework/src/Illuminate/Pipeline/Pipeline.php(183): App\\Http\\Middleware\\TrackVisitor->handle()
#25 /var/www/html/onestory-main-site/app/Http/Middleware/LogGiftTransactionDetails.php(44): Illuminate\\Pipeline\\Pipeline->Illuminate\\Pipeline\\{closure}()
#26 /var/www/html/onestory-main-site/vendor/laravel/framework/src/Illuminate/Pipeline/Pipeline.php(183): App\\Http\\Middleware\\LogGiftTransactionDetails->handle()
#27 /var/www/html/onestory-main-site/vendor/inertiajs/inertia-laravel/src/Middleware.php(86): Illuminate\\Pipeline\\Pipeline->Illuminate\\Pipeline\\{closure}()
#28 /var/www/html/onestory-main-site/vendor/laravel/framework/src/Illuminate/Pipeline/Pipeline.php(183): Inertia\\Middleware->handle()
#29 /var/www/html/onestory-main-site/vendor/laravel/framework/src/Illuminate/Routing/Middleware/SubstituteBindings.php(51): Illuminate\\Pipeline\\Pipeline->Illuminate\\Pipeline\\{closure}()
#30 /var/www/html/onestory-main-site/vendor/laravel/framework/src/Illuminate/Pipeline/Pipeline.php(183): Illuminate\\Routing\\Middleware\\SubstituteBindings->handle()
#31 /var/www/html/onestory-main-site/vendor/laravel/framework/src/Illuminate/Foundation/Http/Middleware/VerifyCsrfToken.php(88): Illuminate\\Pipeline\\Pipeline->Illuminate\\Pipeline\\{closure}()
#32 /var/www/html/onestory-main-site/vendor/laravel/framework/src/Illuminate/Pipeline/Pipeline.php(183): Illuminate\\Foundation\\Http\\Middleware\\VerifyCsrfToken->handle()
#33 /var/www/html/onestory-main-site/vendor/laravel/framework/src/Illuminate/View/Middleware/ShareErrorsFromSession.php(49): Illuminate\\Pipeline\\Pipeline->Illuminate\\Pipeline\\{closure}()
#34 /var/www/html/onestory-main-site/vendor/laravel/framework/src/Illuminate/Pipeline/Pipeline.php(183): Illuminate\\View\\Middleware\\ShareErrorsFromSession->handle()
#35 /var/www/html/onestory-main-site/vendor/laravel/framework/src/Illuminate/Session/Middleware/StartSession.php(121): Illuminate\\Pipeline\\Pipeline->Illuminate\\Pipeline\\{closure}()
#36 /var/www/html/onestory-main-site/vendor/laravel/framework/src/Illuminate/Session/Middleware/StartSession.php(64): Illuminate\\Session\\Middleware\\StartSession->handleStatefulRequest()
#37 /var/www/html/onestory-main-site/vendor/laravel/framework/src/Illuminate/Pipeline/Pipeline.php(183): Illuminate\\Session\\Middleware\\StartSession->handle()
#38 /var/www/html/onestory-main-site/vendor/laravel/framework/src/Illuminate/Cookie/Middleware/AddQueuedCookiesToResponse.php(37): Illuminate\\Pipeline\\Pipeline->Illuminate\\Pipeline\\{closure}()
#39 /var/www/html/onestory-main-site/vendor/laravel/framework/src/Illuminate/Pipeline/Pipeline.php(183): Illuminate\\Cookie\\Middleware\\AddQueuedCookiesToResponse->handle()
#40 /var/www/html/onestory-main-site/vendor/laravel/framework/src/Illuminate/Cookie/Middleware/EncryptCookies.php(75): Illuminate\\Pipeline\\Pipeline->Illuminate\\Pipeline\\{closure}()
#41 /var/www/html/onestory-main-site/vendor/laravel/framework/src/Illuminate/Pipeline/Pipeline.php(183): Illuminate\\Cookie\\Middleware\\EncryptCookies->handle()
#42 /var/www/html/onestory-main-site/vendor/laravel/framework/src/Illuminate/Pipeline/Pipeline.php(119): Illuminate\\Pipeline\\Pipeline->Illuminate\\Pipeline\\{closure}()
#43 /var/www/html/onestory-main-site/vendor/laravel/framework/src/Illuminate/Routing/Router.php(807): Illuminate\\Pipeline\\Pipeline->then()
#44 /var/www/html/onestory-main-site/vendor/laravel/framework/src/Illuminate/Routing/Router.php(786): Illuminate\\Routing\\Router->runRouteWithinStack()
#45 /var/www/html/onestory-main-site/vendor/laravel/framework/src/Illuminate/Routing/Router.php(750): Illuminate\\Routing\\Router->runRoute()
#46 /var/www/html/onestory-main-site/vendor/laravel/framework/src/Illuminate/Routing/Router.php(739): Illuminate\\Routing\\Router->dispatchToRoute()
#47 /var/www/html/onestory-main-site/vendor/laravel/framework/src/Illuminate/Foundation/Http/Kernel.php(201): Illuminate\\Routing\\Router->dispatch()
#48 /var/www/html/onestory-main-site/vendor/laravel/framework/src/Illuminate/Pipeline/Pipeline.php(144): Illuminate\\Foundation\\Http\\Kernel->Illuminate\\Foundation\\Http\\{closure}()
#49 /var/www/html/onestory-main-site/vendor/laravel/framework/src/Illuminate/Foundation/Http/Middleware/TransformsRequest.php(21): Illuminate\\Pipeline\\Pipeline->Illuminate\\Pipeline\\{closure}()
#50 /var/www/html/onestory-main-site/vendor/laravel/framework/src/Illuminate/Foundation/Http/Middleware/ConvertEmptyStringsToNull.php(31): Illuminate\\Foundation\\Http\\Middleware\\TransformsRequest->handle()
#51 /var/www/html/onestory-main-site/vendor/laravel/framework/src/Illuminate/Pipeline/Pipeline.php(183): Illuminate\\Foundation\\Http\\Middleware\\ConvertEmptyStringsToNull->handle()
#52 /var/www/html/onestory-main-site/vendor/laravel/framework/src/Illuminate/Foundation/Http/Middleware/TransformsRequest.php(21): Illuminate\\Pipeline\\Pipeline->Illuminate\\Pipeline\\{closure}()
#53 /var/www/html/onestory-main-site/vendor/laravel/framework/src/Illuminate/Foundation/Http/Middleware/TrimStrings.php(51): Illuminate\\Foundation\\Http\\Middleware\\TransformsRequest->handle()
#54 /var/www/html/onestory-main-site/vendor/laravel/framework/src/Illuminate/Pipeline/Pipeline.php(183): Illuminate\\Foundation\\Http\\Middleware\\TrimStrings->handle()
#55 /var/www/html/onestory-main-site/vendor/laravel/framework/src/Illuminate/Http/Middleware/ValidatePostSize.php(27): Illuminate\\Pipeline\\Pipeline->Illuminate\\Pipeline\\{closure}()
#56 /var/www/html/onestory-main-site/vendor/laravel/framework/src/Illuminate/Pipeline/Pipeline.php(183): Illuminate\\Http\\Middleware\\ValidatePostSize->handle()
#57 /var/www/html/onestory-main-site/vendor/laravel/framework/src/Illuminate/Foundation/Http/Middleware/PreventRequestsDuringMaintenance.php(110): Illuminate\\Pipeline\\Pipeline->Illuminate\\Pipeline\\{closure}()
#58 /var/www/html/onestory-main-site/vendor/laravel/framework/src/Illuminate/Pipeline/Pipeline.php(183): Illuminate\\Foundation\\Http\\Middleware\\PreventRequestsDuringMaintenance->handle()
#59 /var/www/html/onestory-main-site/vendor/laravel/framework/src/Illuminate/Http/Middleware/HandleCors.php(49): Illuminate\\Pipeline\\Pipeline->Illuminate\\Pipeline\\{closure}()
#60 /var/www/html/onestory-main-site/vendor/laravel/framework/src/Illuminate/Pipeline/Pipeline.php(183): Illuminate\\Http\\Middleware\\HandleCors->handle()
#61 /var/www/html/onestory-main-site/vendor/laravel/framework/src/Illuminate/Http/Middleware/TrustProxies.php(58): Illuminate\\Pipeline\\Pipeline->Illuminate\\Pipeline\\{closure}()
#62 /var/www/html/onestory-main-site/vendor/laravel/framework/src/Illuminate/Pipeline/Pipeline.php(183): Illuminate\\Http\\Middleware\\TrustProxies->handle()
#63 /var/www/html/onestory-main-site/vendor/laravel/framework/src/Illuminate/Foundation/Http/Middleware/InvokeDeferredCallbacks.php(22): Illuminate\\Pipeline\\Pipeline->Illuminate\\Pipeline\\{closure}()
#64 /var/www/html/onestory-main-site/vendor/laravel/framework/src/Illuminate/Pipeline/Pipeline.php(183): Illuminate\\Foundation\\Http\\Middleware\\InvokeDeferredCallbacks->handle()
#65 /var/www/html/onestory-main-site/vendor/laravel/framework/src/Illuminate/Pipeline/Pipeline.php(119): Illuminate\\Pipeline\\Pipeline->Illuminate\\Pipeline\\{closure}()
#66 /var/www/html/onestory-main-site/vendor/laravel/framework/src/Illuminate/Foundation/Http/Kernel.php(176): Illuminate\\Pipeline\\Pipeline->then()
#67 /var/www/html/onestory-main-site/vendor/laravel/framework/src/Illuminate/Foundation/Http/Kernel.php(145): Illuminate\\Foundation\\Http\\Kernel->sendRequestThroughRouter()
#68 /var/www/html/onestory-main-site/vendor/laravel/framework/src/Illuminate/Foundation/Application.php(1188): Illuminate\\Foundation\\Http\\Kernel->handle()
#69 /var/www/html/onestory-main-site/public/index.php(17): Illuminate\\Foundation\\Application->handleRequest()
#70 {main}
","trace":"#0 /var/www/html/onestory-main-site/vendor/guzzlehttp/guzzle/src/Middleware.php(72): GuzzleHttp\\Exception\\RequestException::create()
#1 /var/www/html/onestory-main-site/vendor/guzzlehttp/promises/src/Promise.php(209): GuzzleHttp\\Middleware::GuzzleHttp\\{closure}()
#2 /var/www/html/onestory-main-site/vendor/guzzlehttp/promises/src/Promise.php(158): GuzzleHttp\\Promise\\Promise::callHandler()
#3 /var/www/html/onestory-main-site/vendor/guzzlehttp/promises/src/TaskQueue.php(52): GuzzleHttp\\Promise\\Promise::GuzzleHttp\\Promise\\{closure}()
#4 /var/www/html/onestory-main-site/vendor/guzzlehttp/promises/src/Promise.php(251): GuzzleHttp\\Promise\\TaskQueue->run()
#5 /var/www/html/onestory-main-site/vendor/guzzlehttp/promises/src/Promise.php(227): GuzzleHttp\\Promise\\Promise->invokeWaitFn()
#6 /var/www/html/onestory-main-site/vendor/guzzlehttp/promises/src/Promise.php(272): GuzzleHttp\\Promise\\Promise->waitIfPending()
#7 /var/www/html/onestory-main-site/vendor/guzzlehttp/promises/src/Promise.php(229): GuzzleHttp\\Promise\\Promise->invokeWaitList()
#8 /var/www/html/onestory-main-site/vendor/guzzlehttp/promises/src/Promise.php(69): GuzzleHttp\\Promise\\Promise->waitIfPending()
#9 /var/www/html/onestory-main-site/vendor/guzzlehttp/guzzle/src/Client.php(189): GuzzleHttp\\Promise\\Promise->wait()
#10 /var/www/html/onestory-main-site/vendor/guzzlehttp/guzzle/src/ClientTrait.php(95): GuzzleHttp\\Client->request()
#11 /var/www/html/onestory-main-site/vendor/laravel/socialite/src/Two/AbstractProvider.php(301): GuzzleHttp\\Client->post()
#12 /var/www/html/onestory-main-site/vendor/laravel/socialite/src/Two/AbstractProvider.php(240): Laravel\\Socialite\\Two\\AbstractProvider->getAccessTokenResponse()
#13 /var/www/html/onestory-main-site/app/Http/Controllers/Auth/OAuth/GoogleSocialController.php(26): Laravel\\Socialite\\Two\\AbstractProvider->user()
#14 /var/www/html/onestory-main-site/vendor/laravel/framework/src/Illuminate/Routing/ControllerDispatcher.php(46): App\\Http\\Controllers\\Auth\\OAuth\\GoogleSocialController->callback()
#15 /var/www/html/onestory-main-site/vendor/laravel/framework/src/Illuminate/Routing/Route.php(264): Illuminate\\Routing\\ControllerDispatcher->dispatch()
#16 /var/www/html/onestory-main-site/vendor/laravel/framework/src/Illuminate/Routing/Route.php(210): Illuminate\\Routing\\Route->runController()
#17 /var/www/html/onestory-main-site/vendor/laravel/framework/src/Illuminate/Routing/Router.php(808): Illuminate\\Routing\\Route->run()
#18 /var/www/html/onestory-main-site/vendor/laravel/framework/src/Illuminate/Pipeline/Pipeline.php(144): Illuminate\\Routing\\Router->Illuminate\\Routing\\{closure}()
#19 /var/www/html/onestory-main-site/vendor/laravel/framework/src/Illuminate/Auth/Middleware/RedirectIfAuthenticated.php(35): Illuminate\\Pipeline\\Pipeline->Illuminate\\Pipeline\\{closure}()
#20 /var/www/html/onestory-main-site/vendor/laravel/framework/src/Illuminate/Pipeline/Pipeline.php(183): Illuminate\\Auth\\Middleware\\RedirectIfAuthenticated->handle()
#21 /var/www/html/onestory-main-site/vendor/laravel/framework/src/Illuminate/Http/Middleware/AddLinkHeadersForPreloadedAssets.php(20): Illuminate\\Pipeline\\Pipeline->Illuminate\\Pipeline\\{closure}()
#22 /var/www/html/onestory-main-site/vendor/laravel/framework/src/Illuminate/Pipeline/Pipeline.php(183): Illuminate\\Http\\Middleware\\AddLinkHeadersForPreloadedAssets->handle()
#23 /var/www/html/onestory-main-site/app/Http/Middleware/TrackVisitor.php(49): Illuminate\\Pipeline\\Pipeline->Illuminate\\Pipeline\\{closure}()
#24 /var/www/html/onestory-main-site/vendor/laravel/framework/src/Illuminate/Pipeline/Pipeline.php(183): App\\Http\\Middleware\\TrackVisitor->handle()
#25 /var/www/html/onestory-main-site/app/Http/Middleware/LogGiftTransactionDetails.php(44): Illuminate\\Pipeline\\Pipeline->Illuminate\\Pipeline\\{closure}()
#26 /var/www/html/onestory-main-site/vendor/laravel/framework/src/Illuminate/Pipeline/Pipeline.php(183): App\\Http\\Middleware\\LogGiftTransactionDetails->handle()
#27 /var/www/html/onestory-main-site/vendor/inertiajs/inertia-laravel/src/Middleware.php(86): Illuminate\\Pipeline\\Pipeline->Illuminate\\Pipeline\\{closure}()
#28 /var/www/html/onestory-main-site/vendor/laravel/framework/src/Illuminate/Pipeline/Pipeline.php(183): Inertia\\Middleware->handle()
#29 /var/www/html/onestory-main-site/vendor/laravel/framework/src/Illuminate/Routing/Middleware/SubstituteBindings.php(51): Illuminate\\Pipeline\\Pipeline->Illuminate\\Pipeline\\{closure}()
#30 /var/www/html/onestory-main-site/vendor/laravel/framework/src/Illuminate/Pipeline/Pipeline.php(183): Illuminate\\Routing\\Middleware\\SubstituteBindings->handle()
#31 /var/www/html/onestory-main-site/vendor/laravel/framework/src/Illuminate/Foundation/Http/Middleware/VerifyCsrfToken.php(88): Illuminate\\Pipeline\\Pipeline->Illuminate\\Pipeline\\{closure}()
#32 /var/www/html/onestory-main-site/vendor/laravel/framework/src/Illuminate/Pipeline/Pipeline.php(183): Illuminate\\Foundation\\Http\\Middleware\\VerifyCsrfToken->handle()
#33 /var/www/html/onestory-main-site/vendor/laravel/framework/src/Illuminate/View/Middleware/ShareErrorsFromSession.php(49): Illuminate\\Pipeline\\Pipeline->Illuminate\\Pipeline\\{closure}()
#34 /var/www/html/onestory-main-site/vendor/laravel/framework/src/Illuminate/Pipeline/Pipeline.php(183): Illuminate\\View\\Middleware\\ShareErrorsFromSession->handle()
#35 /var/www/html/onestory-main-site/vendor/laravel/framework/src/Illuminate/Session/Middleware/StartSession.php(121): Illuminate\\Pipeline\\Pipeline->Illuminate\\Pipeline\\{closure}()
#36 /var/www/html/onestory-main-site/vendor/laravel/framework/src/Illuminate/Session/Middleware/StartSession.php(64): Illuminate\\Session\\Middleware\\StartSession->handleStatefulRequest()
#37 /var/www/html/onestory-main-site/vendor/laravel/framework/src/Illuminate/Pipeline/Pipeline.php(183): Illuminate\\Session\\Middleware\\StartSession->handle()
#38 /var/www/html/onestory-main-site/vendor/laravel/framework/src/Illuminate/Cookie/Middleware/AddQueuedCookiesToResponse.php(37): Illuminate\\Pipeline\\Pipeline->Illuminate\\Pipeline\\{closure}()
#39 /var/www/html/onestory-main-site/vendor/laravel/framework/src/Illuminate/Pipeline/Pipeline.php(183): Illuminate\\Cookie\\Middleware\\AddQueuedCookiesToResponse->handle()
#40 /var/www/html/onestory-main-site/vendor/laravel/framework/src/Illuminate/Cookie/Middleware/EncryptCookies.php(75): Illuminate\\Pipeline\\Pipeline->Illuminate\\Pipeline\\{closure}()
#41 /var/www/html/onestory-main-site/vendor/laravel/framework/src/Illuminate/Pipeline/Pipeline.php(183): Illuminate\\Cookie\\Middleware\\EncryptCookies->handle()
#42 /var/www/html/onestory-main-site/vendor/laravel/framework/src/Illuminate/Pipeline/Pipeline.php(119): Illuminate\\Pipeline\\Pipeline->Illuminate\\Pipeline\\{closure}()
#43 /var/www/html/onestory-main-site/vendor/laravel/framework/src/Illuminate/Routing/Router.php(807): Illuminate\\Pipeline\\Pipeline->then()
#44 /var/www/html/onestory-main-site/vendor/laravel/framework/src/Illuminate/Routing/Router.php(786): Illuminate\\Routing\\Router->runRouteWithinStack()
#45 /var/www/html/onestory-main-site/vendor/laravel/framework/src/Illuminate/Routing/Router.php(750): Illuminate\\Routing\\Router->runRoute()
#46 /var/www/html/onestory-main-site/vendor/laravel/framework/src/Illuminate/Routing/Router.php(739): Illuminate\\Routing\\Router->dispatchToRoute()
#47 /var/www/html/onestory-main-site/vendor/laravel/framework/src/Illuminate/Foundation/Http/Kernel.php(201): Illuminate\\Routing\\Router->dispatch()
#48 /var/www/html/onestory-main-site/vendor/laravel/framework/src/Illuminate/Pipeline/Pipeline.php(144): Illuminate\\Foundation\\Http\\Kernel->Illuminate\\Foundation\\Http\\{closure}()
#49 /var/www/html/onestory-main-site/vendor/laravel/framework/src/Illuminate/Foundation/Http/Middleware/TransformsRequest.php(21): Illuminate\\Pipeline\\Pipeline->Illuminate\\Pipeline\\{closure}()
#50 /var/www/html/onestory-main-site/vendor/laravel/framework/src/Illuminate/Foundation/Http/Middleware/ConvertEmptyStringsToNull.php(31): Illuminate\\Foundation\\Http\\Middleware\\TransformsRequest->handle()
#51 /var/www/html/onestory-main-site/vendor/laravel/framework/src/Illuminate/Pipeline/Pipeline.php(183): Illuminate\\Foundation\\Http\\Middleware\\ConvertEmptyStringsToNull->handle()
#52 /var/www/html/onestory-main-site/vendor/laravel/framework/src/Illuminate/Foundation/Http/Middleware/TransformsRequest.php(21): Illuminate\\Pipeline\\Pipeline->Illuminate\\Pipeline\\{closure}()
#53 /var/www/html/onestory-main-site/vendor/laravel/framework/src/Illuminate/Foundation/Http/Middleware/TrimStrings.php(51): Illuminate\\Foundation\\Http\\Middleware\\TransformsRequest->handle()
#54 /var/www/html/onestory-main-site/vendor/laravel/framework/src/Illuminate/Pipeline/Pipeline.php(183): Illuminate\\Foundation\\Http\\Middleware\\TrimStrings->handle()
#55 /var/www/html/onestory-main-site/vendor/laravel/framework/src/Illuminate/Http/Middleware/ValidatePostSize.php(27): Illuminate\\Pipeline\\Pipeline->Illuminate\\Pipeline\\{closure}()
#56 /var/www/html/onestory-main-site/vendor/laravel/framework/src/Illuminate/Pipeline/Pipeline.php(183): Illuminate\\Http\\Middleware\\ValidatePostSize->handle()
#57 /var/www/html/onestory-main-site/vendor/laravel/framework/src/Illuminate/Foundation/Http/Middleware/PreventRequestsDuringMaintenance.php(110): Illuminate\\Pipeline\\Pipeline->Illuminate\\Pipeline\\{closure}()
#58 /var/www/html/onestory-main-site/vendor/laravel/framework/src/Illuminate/Pipeline/Pipeline.php(183): Illuminate\\Foundation\\Http\\Middleware\\PreventRequestsDuringMaintenance->handle()
#59 /var/www/html/onestory-main-site/vendor/laravel/framework/src/Illuminate/Http/Middleware/HandleCors.php(49): Illuminate\\Pipeline\\Pipeline->Illuminate\\Pipeline\\{closure}()
#60 /var/www/html/onestory-main-site/vendor/laravel/framework/src/Illuminate/Pipeline/Pipeline.php(183): Illuminate\\Http\\Middleware\\HandleCors->handle()
#61 /var/www/html/onestory-main-site/vendor/laravel/framework/src/Illuminate/Http/Middleware/TrustProxies.php(58): Illuminate\\Pipeline\\Pipeline->Illuminate\\Pipeline\\{closure}()
#62 /var/www/html/onestory-main-site/vendor/laravel/framework/src/Illuminate/Pipeline/Pipeline.php(183): Illuminate\\Http\\Middleware\\TrustProxies->handle()
#63 /var/www/html/onestory-main-site/vendor/laravel/framework/src/Illuminate/Foundation/Http/Middleware/InvokeDeferredCallbacks.php(22): Illuminate\\Pipeline\\Pipeline->Illuminate\\Pipeline\\{closure}()
#64 /var/www/html/onestory-main-site/vendor/laravel/framework/src/Illuminate/Pipeline/Pipeline.php(183): Illuminate\\Foundation\\Http\\Middleware\\InvokeDeferredCallbacks->handle()
#65 /var/www/html/onestory-main-site/vendor/laravel/framework/src/Illuminate/Pipeline/Pipeline.php(119): Illuminate\\Pipeline\\Pipeline->Illuminate\\Pipeline\\{closure}()
#66 /var/www/html/onestory-main-site/vendor/laravel/framework/src/Illuminate/Foundation/Http/Kernel.php(176): Illuminate\\Pipeline\\Pipeline->then()
#67 /var/www/html/onestory-main-site/vendor/laravel/framework/src/Illuminate/Foundation/Http/Kernel.php(145): Illuminate\\Foundation\\Http\\Kernel->sendRequestThroughRouter()
#68 /var/www/html/onestory-main-site/vendor/laravel/framework/src/Illuminate/Foundation/Application.php(1188): Illuminate\\Foundation\\Http\\Kernel->handle()
#69 /var/www/html/onestory-main-site/public/index.php(17): Illuminate\\Foundation\\Application->handleRequest()
#70 {main}"} 
[2026-04-16 14:09:33] production.ERROR: SQLSTATE[22001]: String data, right truncated: 1406 Data too long for column 'url' at row 1 (Connection: mysql, SQL: insert into `visits` (`visitor_id`, `user_id`, `ip_address`, `url`, `visited_at`, `updated_at`, `created_at`) values (5430, ?, 172.70.108.24, https://onestoryplanet.com/auth/google/callback?authuser=0&code=4%2F0Aci98E8Euv6pUh9rFXTViwGO2LHF8LMouS3vt_7hIaopDmSyLJHAow0j2YXtC3hmoE7ZKQ&iss=https%3A%2F%2Faccounts.google.com&prompt=none&scope=email%20profile%20https%3A%2F%2Fwww.googleapis.com%2Fauth%2Fuserinfo.profile%20openid%20https%3A%2F%2Fwww.googleapis.com%2Fauth%2Fuserinfo.email&state=XGrsW2LNZP65nmjtm2CskFIe51Uw9VN2e8R2BzzY, 2026-04-16 14:09:33, 2026-04-16 14:09:33, 2026-04-16 14:09:33)) {"exception":"[object] (Illuminate\\Database\\QueryException(code: 22001): SQLSTATE[22001]: String data, right truncated: 1406 Data too long for column 'url' at row 1 (Connection: mysql, SQL: insert into `visits` (`visitor_id`, `user_id`, `ip_address`, `url`, `visited_at`, `updated_at`, `created_at`) values (5430, ?, 172.70.108.24, https://onestoryplanet.com/auth/google/callback?authuser=0&code=4%2F0Aci98E8Euv6pUh9rFXTViwGO2LHF8LMouS3vt_7hIaopDmSyLJHAow0j2YXtC3hmoE7ZKQ&iss=https%3A%2F%2Faccounts.google.com&prompt=none&scope=email%20profile%20https%3A%2F%2Fwww.googleapis.com%2Fauth%2Fuserinfo.profile%20openid%20https%3A%2F%2Fwww.googleapis.com%2Fauth%2Fuserinfo.email&state=XGrsW2LNZP65nmjtm2CskFIe51Uw9VN2e8R2BzzY, 2026-04-16 14:09:33, 2026-04-16 14:09:33, 2026-04-16 14:09:33)) at /var/www/html/onestory-main-site/vendor/laravel/framework/src/Illuminate/Database/Connection.php:825)
[stacktrace]
#0 /var/www/html/onestory-main-site/vendor/laravel/framework/src/Illuminate/Database/Connection.php(779): Illuminate\\Database\\Connection->runQueryCallback()
#1 /var/www/html/onestory-main-site/vendor/laravel/framework/src/Illuminate/Database/MySqlConnection.php(42): Illuminate\\Database\\Connection->run()
#2 /var/www/html/onestory-main-site/vendor/laravel/framework/src/Illuminate/Database/Query/Processors/MySqlProcessor.php(35): Illuminate\\Database\\MySqlConnection->insert()
#3 /var/www/html/onestory-main-site/vendor/laravel/framework/src/Illuminate/Database/Query/Builder.php(3798): Illuminate\\Database\\Query\\Processors\\MySqlProcessor->processInsertGetId()
#4 /var/www/html/onestory-main-site/vendor/laravel/framework/src/Illuminate/Database/Eloquent/Builder.php(2038): Illuminate\\Database\\Query\\Builder->insertGetId()
#5 /var/www/html/onestory-main-site/vendor/laravel/framework/src/Illuminate/Database/Eloquent/Model.php(1358): Illuminate\\Database\\Eloquent\\Builder->__call()
#6 /var/www/html/onestory-main-site/vendor/laravel/framework/src/Illuminate/Database/Eloquent/Model.php(1323): Illuminate\\Database\\Eloquent\\Model->insertAndSetId()
#7 /var/www/html/onestory-main-site/vendor/laravel/framework/src/Illuminate/Database/Eloquent/Model.php(1162): Illuminate\\Database\\Eloquent\\Model->performInsert()
#8 /var/www/html/onestory-main-site/vendor/laravel/framework/src/Illuminate/Database/Eloquent/Builder.php(1079): Illuminate\\Database\\Eloquent\\Model->save()
#9 /var/www/html/onestory-main-site/vendor/laravel/framework/src/Illuminate/Support/helpers.php(380): Illuminate\\Database\\Eloquent\\Builder->Illuminate\\Database\\Eloquent\\{closure}()
#10 /var/www/html/onestory-main-site/vendor/laravel/framework/src/Illuminate/Database/Eloquent/Builder.php(1078): tap()
#11 /var/www/html/onestory-main-site/vendor/laravel/framework/src/Illuminate/Support/Traits/ForwardsCalls.php(23): Illuminate\\Database\\Eloquent\\Builder->create()
#12 /var/www/html/onestory-main-site/vendor/laravel/framework/src/Illuminate/Database/Eloquent/Model.php(2367): Illuminate\\Database\\Eloquent\\Model->forwardCallTo()
#13 /var/www/html/onestory-main-site/vendor/laravel/framework/src/Illuminate/Database/Eloquent/Model.php(2379): Illuminate\\Database\\Eloquent\\Model->__call()
#14 /var/www/html/onestory-main-site/app/Http/Middleware/TrackVisitor.php(87): Illuminate\\Database\\Eloquent\\Model::__callStatic()
#15 /var/www/html/onestory-main-site/vendor/laravel/framework/src/Illuminate/Pipeline/Pipeline.php(183): App\\Http\\Middleware\\TrackVisitor->handle()
#16 /var/www/html/onestory-main-site/app/Http/Middleware/LogGiftTransactionDetails.php(44): Illuminate\\Pipeline\\Pipeline->Illuminate\\Pipeline\\{closure}()
#17 /var/www/html/onestory-main-site/vendor/laravel/framework/src/Illuminate/Pipeline/Pipeline.php(183): App\\Http\\Middleware\\LogGiftTransactionDetails->handle()
#18 /var/www/html/onestory-main-site/vendor/inertiajs/inertia-laravel/src/Middleware.php(86): Illuminate\\Pipeline\\Pipeline->Illuminate\\Pipeline\\{closure}()
#19 /var/www/html/onestory-main-site/vendor/laravel/framework/src/Illuminate/Pipeline/Pipeline.php(183): Inertia\\Middleware->handle()
#20 /var/www/html/onestory-main-site/vendor/laravel/framework/src/Illuminate/Routing/Middleware/SubstituteBindings.php(51): Illuminate\\Pipeline\\Pipeline->Illuminate\\Pipeline\\{closure}()
#21 /var/www/html/onestory-main-site/vendor/laravel/framework/src/Illuminate/Pipeline/Pipeline.php(183): Illuminate\\Routing\\Middleware\\SubstituteBindings->handle()
#22 /var/www/html/onestory-main-site/vendor/laravel/framework/src/Illuminate/Foundation/Http/Middleware/VerifyCsrfToken.php(88): Illuminate\\Pipeline\\Pipeline->Illuminate\\Pipeline\\{closure}()
#23 /var/www/html/onestory-main-site/vendor/laravel/framework/src/Illuminate/Pipeline/Pipeline.php(183): Illuminate\\Foundation\\Http\\Middleware\\VerifyCsrfToken->handle()
#24 /var/www/html/onestory-main-site/vendor/laravel/framework/src/Illuminate/View/Middleware/ShareErrorsFromSession.php(49): Illuminate\\Pipeline\\Pipeline->Illuminate\\Pipeline\\{closure}()
#25 /var/www/html/onestory-main-site/vendor/laravel/framework/src/Illuminate/Pipeline/Pipeline.php(183): Illuminate\\View\\Middleware\\ShareErrorsFromSession->handle()
#26 /var/www/html/onestory-main-site/vendor/laravel/framework/src/Illuminate/Session/Middleware/StartSession.php(121): Illuminate\\Pipeline\\Pipeline->Illuminate\\Pipeline\\{closure}()
#27 /var/www/html/onestory-main-site/vendor/laravel/framework/src/Illuminate/Session/Middleware/StartSession.php(64): Illuminate\\Session\\Middleware\\StartSession->handleStatefulRequest()
#28 /var/www/html/onestory-main-site/vendor/laravel/framework/src/Illuminate/Pipeline/Pipeline.php(183): Illuminate\\Session\\Middleware\\StartSession->handle()
#29 /var/www/html/onestory-main-site/vendor/laravel/framework/src/Illuminate/Cookie/Middleware/AddQueuedCookiesToResponse.php(37): Illuminate\\Pipeline\\Pipeline->Illuminate\\Pipeline\\{closure}()
#30 /var/www/html/onestory-main-site/vendor/laravel/framework/src/Illuminate/Pipeline/Pipeline.php(183): Illuminate\\Cookie\\Middleware\\AddQueuedCookiesToResponse->handle()
#31 /var/www/html/onestory-main-site/vendor/laravel/framework/src/Illuminate/Cookie/Middleware/EncryptCookies.php(75): Illuminate\\Pipeline\\Pipeline->Illuminate\\Pipeline\\{closure}()
#32 /var/www/html/onestory-main-site/vendor/laravel/framework/src/Illuminate/Pipeline/Pipeline.php(183): Illuminate\\Cookie\\Middleware\\EncryptCookies->handle()
#33 /var/www/html/onestory-main-site/vendor/laravel/framework/src/Illuminate/Pipeline/Pipeline.php(119): Illuminate\\Pipeline\\Pipeline->Illuminate\\Pipeline\\{closure}()
#34 /var/www/html/onestory-main-site/vendor/laravel/framework/src/Illuminate/Routing/Router.php(807): Illuminate\\Pipeline\\Pipeline->then()
#35 /var/www/html/onestory-main-site/vendor/laravel/framework/src/Illuminate/Routing/Router.php(786): Illuminate\\Routing\\Router->runRouteWithinStack()
#36 /var/www/html/onestory-main-site/vendor/laravel/framework/src/Illuminate/Routing/Router.php(750): Illuminate\\Routing\\Router->runRoute()
#37 /var/www/html/onestory-main-site/vendor/laravel/framework/src/Illuminate/Routing/Router.php(739): Illuminate\\Routing\\Router->dispatchToRoute()
#38 /var/www/html/onestory-main-site/vendor/laravel/framework/src/Illuminate/Foundation/Http/Kernel.php(201): Illuminate\\Routing\\Router->dispatch()
#39 /var/www/html/onestory-main-site/vendor/laravel/framework/src/Illuminate/Pipeline/Pipeline.php(144): Illuminate\\Foundation\\Http\\Kernel->Illuminate\\Foundation\\Http\\{closure}()
#40 /var/www/html/onestory-main-site/vendor/laravel/framework/src/Illuminate/Foundation/Http/Middleware/TransformsRequest.php(21): Illuminate\\Pipeline\\Pipeline->Illuminate\\Pipeline\\{closure}()
#41 /var/www/html/onestory-main-site/vendor/laravel/framework/src/Illuminate/Foundation/Http/Middleware/ConvertEmptyStringsToNull.php(31): Illuminate\\Foundation\\Http\\Middleware\\TransformsRequest->handle()
#42 /var/www/html/onestory-main-site/vendor/laravel/framework/src/Illuminate/Pipeline/Pipeline.php(183): Illuminate\\Foundation\\Http\\Middleware\\ConvertEmptyStringsToNull->handle()
#43 /var/www/html/onestory-main-site/vendor/laravel/framework/src/Illuminate/Foundation/Http/Middleware/TransformsRequest.php(21): Illuminate\\Pipeline\\Pipeline->Illuminate\\Pipeline\\{closure}()
#44 /var/www/html/onestory-main-site/vendor/laravel/framework/src/Illuminate/Foundation/Http/Middleware/TrimStrings.php(51): Illuminate\\Foundation\\Http\\Middleware\\TransformsRequest->handle()
#45 /var/www/html/onestory-main-site/vendor/laravel/framework/src/Illuminate/Pipeline/Pipeline.php(183): Illuminate\\Foundation\\Http\\Middleware\\TrimStrings->handle()
#46 /var/www/html/onestory-main-site/vendor/laravel/framework/src/Illuminate/Http/Middleware/ValidatePostSize.php(27): Illuminate\\Pipeline\\Pipeline->Illuminate\\Pipeline\\{closure}()
#47 /var/www/html/onestory-main-site/vendor/laravel/framework/src/Illuminate/Pipeline/Pipeline.php(183): Illuminate\\Http\\Middleware\\ValidatePostSize->handle()
#48 /var/www/html/onestory-main-site/vendor/laravel/framework/src/Illuminate/Foundation/Http/Middleware/PreventRequestsDuringMaintenance.php(110): Illuminate\\Pipeline\\Pipeline->Illuminate\\Pipeline\\{closure}()
#49 /var/www/html/onestory-main-site/vendor/laravel/framework/src/Illuminate/Pipeline/Pipeline.php(183): Illuminate\\Foundation\\Http\\Middleware\\PreventRequestsDuringMaintenance->handle()
#50 /var/www/html/onestory-main-site/vendor/laravel/framework/src/Illuminate/Http/Middleware/HandleCors.php(49): Illuminate\\Pipeline\\Pipeline->Illuminate\\Pipeline\\{closure}()
#51 /var/www/html/onestory-main-site/vendor/laravel/framework/src/Illuminate/Pipeline/Pipeline.php(183): Illuminate\\Http\\Middleware\\HandleCors->handle()
#52 /var/www/html/onestory-main-site/vendor/laravel/framework/src/Illuminate/Http/Middleware/TrustProxies.php(58): Illuminate\\Pipeline\\Pipeline->Illuminate\\Pipeline\\{closure}()
#53 /var/www/html/onestory-main-site/vendor/laravel/framework/src/Illuminate/Pipeline/Pipeline.php(183): Illuminate\\Http\\Middleware\\TrustProxies->handle()
#54 /var/www/html/onestory-main-site/vendor/laravel/framework/src/Illuminate/Foundation/Http/Middleware/InvokeDeferredCallbacks.php(22): Illuminate\\Pipeline\\Pipeline->Illuminate\\Pipeline\\{closure}()
#55 /var/www/html/onestory-main-site/vendor/laravel/framework/src/Illuminate/Pipeline/Pipeline.php(183): Illuminate\\Foundation\\Http\\Middleware\\InvokeDeferredCallbacks->handle()
#56 /var/www/html/onestory-main-site/vendor/laravel/framework/src/Illuminate/Pipeline/Pipeline.php(119): Illuminate\\Pipeline\\Pipeline->Illuminate\\Pipeline\\{closure}()
#57 /var/www/html/onestory-main-site/vendor/laravel/framework/src/Illuminate/Foundation/Http/Kernel.php(176): Illuminate\\Pipeline\\Pipeline->then()
#58 /var/www/html/onestory-main-site/vendor/laravel/framework/src/Illuminate/Foundation/Http/Kernel.php(145): Illuminate\\Foundation\\Http\\Kernel->sendRequestThroughRouter()
#59 /var/www/html/onestory-main-site/vendor/laravel/framework/src/Illuminate/Foundation/Application.php(1188): Illuminate\\Foundation\\Http\\Kernel->handle()
#60 /var/www/html/onestory-main-site/public/index.php(17): Illuminate\\Foundation\\Application->handleRequest()
#61 {main}

[previous exception] [object] (PDOException(code: 22001): SQLSTATE[22001]: String data, right truncated: 1406 Data too long for column 'url' at row 1 at /var/www/html/onestory-main-site/vendor/laravel/framework/src/Illuminate/Database/MySqlConnection.php:53)
[stacktrace]
#0 /var/www/html/onestory-main-site/vendor/laravel/framework/src/Illuminate/Database/MySqlConnection.php(53): PDOStatement->execute()
#1 /var/www/html/onestory-main-site/vendor/laravel/framework/src/Illuminate/Database/Connection.php(812): Illuminate\\Database\\MySqlConnection->Illuminate\\Database\\{closure}()
#2 /var/www/html/onestory-main-site/vendor/laravel/framework/src/Illuminate/Database/Connection.php(779): Illuminate\\Database\\Connection->runQueryCallback()
#3 /var/www/html/onestory-main-site/vendor/laravel/framework/src/Illuminate/Database/MySqlConnection.php(42): Illuminate\\Database\\Connection->run()
#4 /var/www/html/onestory-main-site/vendor/laravel/framework/src/Illuminate/Database/Query/Processors/MySqlProcessor.php(35): Illuminate\\Database\\MySqlConnection->insert()
#5 /var/www/html/onestory-main-site/vendor/laravel/framework/src/Illuminate/Database/Query/Builder.php(3798): Illuminate\\Database\\Query\\Processors\\MySqlProcessor->processInsertGetId()
#6 /var/www/html/onestory-main-site/vendor/laravel/framework/src/Illuminate/Database/Eloquent/Builder.php(2038): Illuminate\\Database\\Query\\Builder->insertGetId()
#7 /var/www/html/onestory-main-site/vendor/laravel/framework/src/Illuminate/Database/Eloquent/Model.php(1358): Illuminate\\Database\\Eloquent\\Builder->__call()
#8 /var/www/html/onestory-main-site/vendor/laravel/framework/src/Illuminate/Database/Eloquent/Model.php(1323): Illuminate\\Database\\Eloquent\\Model->insertAndSetId()
#9 /var/www/html/onestory-main-site/vendor/laravel/framework/src/Illuminate/Database/Eloquent/Model.php(1162): Illuminate\\Database\\Eloquent\\Model->performInsert()
#10 /var/www/html/onestory-main-site/vendor/laravel/framework/src/Illuminate/Database/Eloquent/Builder.php(1079): Illuminate\\Database\\Eloquent\\Model->save()
#11 /var/www/html/onestory-main-site/vendor/laravel/framework/src/Illuminate/Support/helpers.php(380): Illuminate\\Database\\Eloquent\\Builder->Illuminate\\Database\\Eloquent\\{closure}()
#12 /var/www/html/onestory-main-site/vendor/laravel/framework/src/Illuminate/Database/Eloquent/Builder.php(1078): tap()
#13 /var/www/html/onestory-main-site/vendor/laravel/framework/src/Illuminate/Support/Traits/ForwardsCalls.php(23): Illuminate\\Database\\Eloquent\\Builder->create()
#14 /var/www/html/onestory-main-site/vendor/laravel/framework/src/Illuminate/Database/Eloquent/Model.php(2367): Illuminate\\Database\\Eloquent\\Model->forwardCallTo()
#15 /var/www/html/onestory-main-site/vendor/laravel/framework/src/Illuminate/Database/Eloquent/Model.php(2379): Illuminate\\Database\\Eloquent\\Model->__call()
#16 /var/www/html/onestory-main-site/app/Http/Middleware/TrackVisitor.php(87): Illuminate\\Database\\Eloquent\\Model::__callStatic()
#17 /var/www/html/onestory-main-site/vendor/laravel/framework/src/Illuminate/Pipeline/Pipeline.php(183): App\\Http\\Middleware\\TrackVisitor->handle()
#18 /var/www/html/onestory-main-site/app/Http/Middleware/LogGiftTransactionDetails.php(44): Illuminate\\Pipeline\\Pipeline->Illuminate\\Pipeline\\{closure}()
#19 /var/www/html/onestory-main-site/vendor/laravel/framework/src/Illuminate/Pipeline/Pipeline.php(183): App\\Http\\Middleware\\LogGiftTransactionDetails->handle()
#20 /var/www/html/onestory-main-site/vendor/inertiajs/inertia-laravel/src/Middleware.php(86): Illuminate\\Pipeline\\Pipeline->Illuminate\\Pipeline\\{closure}()
#21 /var/www/html/onestory-main-site/vendor/laravel/framework/src/Illuminate/Pipeline/Pipeline.php(183): Inertia\\Middleware->handle()
#22 /var/www/html/onestory-main-site/vendor/laravel/framework/src/Illuminate/Routing/Middleware/SubstituteBindings.php(51): Illuminate\\Pipeline\\Pipeline->Illuminate\\Pipeline\\{closure}()
#23 /var/www/html/onestory-main-site/vendor/laravel/framework/src/Illuminate/Pipeline/Pipeline.php(183): Illuminate\\Routing\\Middleware\\SubstituteBindings->handle()
#24 /var/www/html/onestory-main-site/vendor/laravel/framework/src/Illuminate/Foundation/Http/Middleware/VerifyCsrfToken.php(88): Illuminate\\Pipeline\\Pipeline->Illuminate\\Pipeline\\{closure}()
#25 /var/www/html/onestory-main-site/vendor/laravel/framework/src/Illuminate/Pipeline/Pipeline.php(183): Illuminate\\Foundation\\Http\\Middleware\\VerifyCsrfToken->handle()
#26 /var/www/html/onestory-main-site/vendor/laravel/framework/src/Illuminate/View/Middleware/ShareErrorsFromSession.php(49): Illuminate\\Pipeline\\Pipeline->Illuminate\\Pipeline\\{closure}()
#27 /var/www/html/onestory-main-site/vendor/laravel/framework/src/Illuminate/Pipeline/Pipeline.php(183): Illuminate\\View\\Middleware\\ShareErrorsFromSession->handle()
#28 /var/www/html/onestory-main-site/vendor/laravel/framework/src/Illuminate/Session/Middleware/StartSession.php(121): Illuminate\\Pipeline\\Pipeline->Illuminate\\Pipeline\\{closure}()
#29 /var/www/html/onestory-main-site/vendor/laravel/framework/src/Illuminate/Session/Middleware/StartSession.php(64): Illuminate\\Session\\Middleware\\StartSession->handleStatefulRequest()
#30 /var/www/html/onestory-main-site/vendor/laravel/framework/src/Illuminate/Pipeline/Pipeline.php(183): Illuminate\\Session\\Middleware\\StartSession->handle()
#31 /var/www/html/onestory-main-site/vendor/laravel/framework/src/Illuminate/Cookie/Middleware/AddQueuedCookiesToResponse.php(37): Illuminate\\Pipeline\\Pipeline->Illuminate\\Pipeline\\{closure}()
#32 /var/www/html/onestory-main-site/vendor/laravel/framework/src/Illuminate/Pipeline/Pipeline.php(183): Illuminate\\Cookie\\Middleware\\AddQueuedCookiesToResponse->handle()
#33 /var/www/html/onestory-main-site/vendor/laravel/framework/src/Illuminate/Cookie/Middleware/EncryptCookies.php(75): Illuminate\\Pipeline\\Pipeline->Illuminate\\Pipeline\\{closure}()
#34 /var/www/html/onestory-main-site/vendor/laravel/framework/src/Illuminate/Pipeline/Pipeline.php(183): Illuminate\\Cookie\\Middleware\\EncryptCookies->handle()
#35 /var/www/html/onestory-main-site/vendor/laravel/framework/src/Illuminate/Pipeline/Pipeline.php(119): Illuminate\\Pipeline\\Pipeline->Illuminate\\Pipeline\\{closure}()
#36 /var/www/html/onestory-main-site/vendor/laravel/framework/src/Illuminate/Routing/Router.php(807): Illuminate\\Pipeline\\Pipeline->then()
#37 /var/www/html/onestory-main-site/vendor/laravel/framework/src/Illuminate/Routing/Router.php(786): Illuminate\\Routing\\Router->runRouteWithinStack()
#38 /var/www/html/onestory-main-site/vendor/laravel/framework/src/Illuminate/Routing/Router.php(750): Illuminate\\Routing\\Router->runRoute()
#39 /var/www/html/onestory-main-site/vendor/laravel/framework/src/Illuminate/Routing/Router.php(739): Illuminate\\Routing\\Router->dispatchToRoute()
#40 /var/www/html/onestory-main-site/vendor/laravel/framework/src/Illuminate/Foundation/Http/Kernel.php(201): Illuminate\\Routing\\Router->dispatch()
#41 /var/www/html/onestory-main-site/vendor/laravel/framework/src/Illuminate/Pipeline/Pipeline.php(144): Illuminate\\Foundation\\Http\\Kernel->Illuminate\\Foundation\\Http\\{closure}()
#42 /var/www/html/onestory-main-site/vendor/laravel/framework/src/Illuminate/Foundation/Http/Middleware/TransformsRequest.php(21): Illuminate\\Pipeline\\Pipeline->Illuminate\\Pipeline\\{closure}()
#43 /var/www/html/onestory-main-site/vendor/laravel/framework/src/Illuminate/Foundation/Http/Middleware/ConvertEmptyStringsToNull.php(31): Illuminate\\Foundation\\Http\\Middleware\\TransformsRequest->handle()
#44 /var/www/html/onestory-main-site/vendor/laravel/framework/src/Illuminate/Pipeline/Pipeline.php(183): Illuminate\\Foundation\\Http\\Middleware\\ConvertEmptyStringsToNull->handle()
#45 /var/www/html/onestory-main-site/vendor/laravel/framework/src/Illuminate/Foundation/Http/Middleware/TransformsRequest.php(21): Illuminate\\Pipeline\\Pipeline->Illuminate\\Pipeline\\{closure}()
#46 /var/www/html/onestory-main-site/vendor/laravel/framework/src/Illuminate/Foundation/Http/Middleware/TrimStrings.php(51): Illuminate\\Foundation\\Http\\Middleware\\TransformsRequest->handle()
#47 /var/www/html/onestory-main-site/vendor/laravel/framework/src/Illuminate/Pipeline/Pipeline.php(183): Illuminate\\Foundation\\Http\\Middleware\\TrimStrings->handle()
#48 /var/www/html/onestory-main-site/vendor/laravel/framework/src/Illuminate/Http/Middleware/ValidatePostSize.php(27): Illuminate\\Pipeline\\Pipeline->Illuminate\\Pipeline\\{closure}()
#49 /var/www/html/onestory-main-site/vendor/laravel/framework/src/Illuminate/Pipeline/Pipeline.php(183): Illuminate\\Http\\Middleware\\ValidatePostSize->handle()
#50 /var/www/html/onestory-main-site/vendor/laravel/framework/src/Illuminate/Foundation/Http/Middleware/PreventRequestsDuringMaintenance.php(110): Illuminate\\Pipeline\\Pipeline->Illuminate\\Pipeline\\{closure}()
#51 /var/www/html/onestory-main-site/vendor/laravel/framework/src/Illuminate/Pipeline/Pipeline.php(183): Illuminate\\Foundation\\Http\\Middleware\\PreventRequestsDuringMaintenance->handle()
#52 /var/www/html/onestory-main-site/vendor/laravel/framework/src/Illuminate/Http/Middleware/HandleCors.php(49): Illuminate\\Pipeline\\Pipeline->Illuminate\\Pipeline\\{closure}()
#53 /var/www/html/onestory-main-site/vendor/laravel/framework/src/Illuminate/Pipeline/Pipeline.php(183): Illuminate\\Http\\Middleware\\HandleCors->handle()
#54 /var/www/html/onestory-main-site/vendor/laravel/framework/src/Illuminate/Http/Middleware/TrustProxies.php(58): Illuminate\\Pipeline\\Pipeline->Illuminate\\Pipeline\\{closure}()
#55 /var/www/html/onestory-main-site/vendor/laravel/framework/src/Illuminate/Pipeline/Pipeline.php(183): Illuminate\\Http\\Middleware\\TrustProxies->handle()
#56 /var/www/html/onestory-main-site/vendor/laravel/framework/src/Illuminate/Foundation/Http/Middleware/InvokeDeferredCallbacks.php(22): Illuminate\\Pipeline\\Pipeline->Illuminate\\Pipeline\\{closure}()
#57 /var/www/html/onestory-main-site/vendor/laravel/framework/src/Illuminate/Pipeline/Pipeline.php(183): Illuminate\\Foundation\\Http\\Middleware\\InvokeDeferredCallbacks->handle()
#58 /var/www/html/onestory-main-site/vendor/laravel/framework/src/Illuminate/Pipeline/Pipeline.php(119): Illuminate\\Pipeline\\Pipeline->Illuminate\\Pipeline\\{closure}()
#59 /var/www/html/onestory-main-site/vendor/laravel/framework/src/Illuminate/Foundation/Http/Kernel.php(176): Illuminate\\Pipeline\\Pipeline->then()
#60 /var/www/html/onestory-main-site/vendor/laravel/framework/src/Illuminate/Foundation/Http/Kernel.php(145): Illuminate\\Foundation\\Http\\Kernel->sendRequestThroughRouter()
#61 /var/www/html/onestory-main-site/vendor/laravel/framework/src/Illuminate/Foundation/Application.php(1188): Illuminate\\Foundation\\Http\\Kernel->handle()
#62 /var/www/html/onestory-main-site/public/index.php(17): Illuminate\\Foundation\\Application->handleRequest()
#63 {main}
"} 
[2026-04-16 14:17:47] production.ERROR: SQLSTATE[42S02]: Base table or view not found: 1146 Table 'onestory_db.follows' doesn't exist (Connection: mysql, SQL: select exists(select * from `users` inner join `follows` on `users`.`id` = `follows`.`following_id` where `follows`.`follower_id` = 775 and `following_id` = 23) as `exists`) {"userId":775,"exception":"[object] (Illuminate\\Database\\QueryException(code: 42S02): SQLSTATE[42S02]: Base table or view not found: 1146 Table 'onestory_db.follows' doesn't exist (Connection: mysql, SQL: select exists(select * from `users` inner join `follows` on `users`.`id` = `follows`.`following_id` where `follows`.`follower_id` = 775 and `following_id` = 23) as `exists`) at /var/www/html/onestory-main-site/vendor/laravel/framework/src/Illuminate/Database/Connection.php:825)
[stacktrace]
#0 /var/www/html/onestory-main-site/vendor/laravel/framework/src/Illuminate/Database/Connection.php(779): Illuminate\\Database\\Connection->runQueryCallback()
#1 /var/www/html/onestory-main-site/vendor/laravel/framework/src/Illuminate/Database/Connection.php(398): Illuminate\\Database\\Connection->run()
#2 /var/www/html/onestory-main-site/vendor/laravel/framework/src/Illuminate/Database/Query/Builder.php(3504): Illuminate\\Database\\Connection->select()
#3 /var/www/html/onestory-main-site/vendor/laravel/framework/src/Illuminate/Database/Eloquent/Builder.php(2038): Illuminate\\Database\\Query\\Builder->exists()
#4 /var/www/html/onestory-main-site/vendor/laravel/framework/src/Illuminate/Support/Traits/ForwardsCalls.php(23): Illuminate\\Database\\Eloquent\\Builder->__call()
#5 /var/www/html/onestory-main-site/vendor/laravel/framework/src/Illuminate/Support/Traits/ForwardsCalls.php(52): Illuminate\\Database\\Eloquent\\Relations\\Relation->forwardCallTo()
#6 /var/www/html/onestory-main-site/vendor/laravel/framework/src/Illuminate/Database/Eloquent/Relations/Relation.php(535): Illuminate\\Database\\Eloquent\\Relations\\Relation->forwardDecoratedCallTo()
#7 /var/www/html/onestory-main-site/app/Models/User.php(162): Illuminate\\Database\\Eloquent\\Relations\\Relation->__call()
#8 /var/www/html/onestory-main-site/app/Services/StoryService.php(355): App\\Models\\User->isFollowing()
#9 /var/www/html/onestory-main-site/app/Services/StoryService.php(309): App\\Services\\StoryService->formatAuthor()
#10 /var/www/html/onestory-main-site/app/Services/StoryService.php(302): App\\Services\\StoryService->formatStory()
#11 [internal function]: App\\Services\\StoryService->App\\Services\\{closure}()
#12 /var/www/html/onestory-main-site/vendor/laravel/framework/src/Illuminate/Collections/Arr.php(605): array_map()
#13 /var/www/html/onestory-main-site/vendor/laravel/framework/src/Illuminate/Collections/Collection.php(791): Illuminate\\Support\\Arr::map()
#14 /var/www/html/onestory-main-site/vendor/laravel/framework/src/Illuminate/Database/Eloquent/Collection.php(375): Illuminate\\Support\\Collection->map()
#15 /var/www/html/onestory-main-site/app/Services/StoryService.php(302): Illuminate\\Database\\Eloquent\\Collection->map()
#16 /var/www/html/onestory-main-site/app/Services/StoryService.php(130): App\\Services\\StoryService->getFormattedStories()
#17 /var/www/html/onestory-main-site/app/Http/Controllers/HomepageController.php(52): App\\Services\\StoryService->getStoriesByIds()
#18 /var/www/html/onestory-main-site/vendor/laravel/framework/src/Illuminate/Routing/ControllerDispatcher.php(46): App\\Http\\Controllers\\HomepageController->index()
#19 /var/www/html/onestory-main-site/vendor/laravel/framework/src/Illuminate/Routing/Route.php(264): Illuminate\\Routing\\ControllerDispatcher->dispatch()
#20 /var/www/html/onestory-main-site/vendor/laravel/framework/src/Illuminate/Routing/Route.php(210): Illuminate\\Routing\\Route->runController()
#21 /var/www/html/onestory-main-site/vendor/laravel/framework/src/Illuminate/Routing/Router.php(808): Illuminate\\Routing\\Route->run()
#22 /var/www/html/onestory-main-site/vendor/laravel/framework/src/Illuminate/Pipeline/Pipeline.php(144): Illuminate\\Routing\\Router->Illuminate\\Routing\\{closure}()
#23 /var/www/html/onestory-main-site/vendor/laravel/framework/src/Illuminate/Http/Middleware/AddLinkHeadersForPreloadedAssets.php(20): Illuminate\\Pipeline\\Pipeline->Illuminate\\Pipeline\\{closure}()
#24 /var/www/html/onestory-main-site/vendor/laravel/framework/src/Illuminate/Pipeline/Pipeline.php(183): Illuminate\\Http\\Middleware\\AddLinkHeadersForPreloadedAssets->handle()
#25 /var/www/html/onestory-main-site/app/Http/Middleware/TrackVisitor.php(49): Illuminate\\Pipeline\\Pipeline->Illuminate\\Pipeline\\{closure}()
#26 /var/www/html/onestory-main-site/vendor/laravel/framework/src/Illuminate/Pipeline/Pipeline.php(183): App\\Http\\Middleware\\TrackVisitor->handle()
#27 /var/www/html/onestory-main-site/app/Http/Middleware/LogGiftTransactionDetails.php(44): Illuminate\\Pipeline\\Pipeline->Illuminate\\Pipeline\\{closure}()
#28 /var/www/html/onestory-main-site/vendor/laravel/framework/src/Illuminate/Pipeline/Pipeline.php(183): App\\Http\\Middleware\\LogGiftTransactionDetails->handle()
#29 /var/www/html/onestory-main-site/vendor/inertiajs/inertia-laravel/src/Middleware.php(86): Illuminate\\Pipeline\\Pipeline->Illuminate\\Pipeline\\{closure}()
#30 /var/www/html/onestory-main-site/vendor/laravel/framework/src/Illuminate/Pipeline/Pipeline.php(183): Inertia\\Middleware->handle()
#31 /var/www/html/onestory-main-site/vendor/laravel/framework/src/Illuminate/Routing/Middleware/SubstituteBindings.php(51): Illuminate\\Pipeline\\Pipeline->Illuminate\\Pipeline\\{closure}()
#32 /var/www/html/onestory-main-site/vendor/laravel/framework/src/Illuminate/Pipeline/Pipeline.php(183): Illuminate\\Routing\\Middleware\\SubstituteBindings->handle()
#33 /var/www/html/onestory-main-site/vendor/laravel/framework/src/Illuminate/Foundation/Http/Middleware/VerifyCsrfToken.php(88): Illuminate\\Pipeline\\Pipeline->Illuminate\\Pipeline\\{closure}()
#34 /var/www/html/onestory-main-site/vendor/laravel/framework/src/Illuminate/Pipeline/Pipeline.php(183): Illuminate\\Foundation\\Http\\Middleware\\VerifyCsrfToken->handle()
#35 /var/www/html/onestory-main-site/vendor/laravel/framework/src/Illuminate/View/Middleware/ShareErrorsFromSession.php(49): Illuminate\\Pipeline\\Pipeline->Illuminate\\Pipeline\\{closure}()
#36 /var/www/html/onestory-main-site/vendor/laravel/framework/src/Illuminate/Pipeline/Pipeline.php(183): Illuminate\\View\\Middleware\\ShareErrorsFromSession->handle()
#37 /var/www/html/onestory-main-site/vendor/laravel/framework/src/Illuminate/Session/Middleware/StartSession.php(121): Illuminate\\Pipeline\\Pipeline->Illuminate\\Pipeline\\{closure}()
#38 /var/www/html/onestory-main-site/vendor/laravel/framework/src/Illuminate/Session/Middleware/StartSession.php(64): Illuminate\\Session\\Middleware\\StartSession->handleStatefulRequest()
#39 /var/www/html/onestory-main-site/vendor/laravel/framework/src/Illuminate/Pipeline/Pipeline.php(183): Illuminate\\Session\\Middleware\\StartSession->handle()
#40 /var/www/html/onestory-main-site/vendor/laravel/framework/src/Illuminate/Cookie/Middleware/AddQueuedCookiesToResponse.php(37): Illuminate\\Pipeline\\Pipeline->Illuminate\\Pipeline\\{closure}()
#41 /var/www/html/onestory-main-site/vendor/laravel/framework/src/Illuminate/Pipeline/Pipeline.php(183): Illuminate\\Cookie\\Middleware\\AddQueuedCookiesToResponse->handle()
#42 /var/www/html/onestory-main-site/vendor/laravel/framework/src/Illuminate/Cookie/Middleware/EncryptCookies.php(75): Illuminate\\Pipeline\\Pipeline->Illuminate\\Pipeline\\{closure}()
#43 /var/www/html/onestory-main-site/vendor/laravel/framework/src/Illuminate/Pipeline/Pipeline.php(183): Illuminate\\Cookie\\Middleware\\EncryptCookies->handle()
#44 /var/www/html/onestory-main-site/vendor/laravel/framework/src/Illuminate/Pipeline/Pipeline.php(119): Illuminate\\Pipeline\\Pipeline->Illuminate\\Pipeline\\{closure}()
#45 /var/www/html/onestory-main-site/vendor/laravel/framework/src/Illuminate/Routing/Router.php(807): Illuminate\\Pipeline\\Pipeline->then()
#46 /var/www/html/onestory-main-site/vendor/laravel/framework/src/Illuminate/Routing/Router.php(786): Illuminate\\Routing\\Router->runRouteWithinStack()
#47 /var/www/html/onestory-main-site/vendor/laravel/framework/src/Illuminate/Routing/Router.php(750): Illuminate\\Routing\\Router->runRoute()
#48 /var/www/html/onestory-main-site/vendor/laravel/framework/src/Illuminate/Routing/Router.php(739): Illuminate\\Routing\\Router->dispatchToRoute()
#49 /var/www/html/onestory-main-site/vendor/laravel/framework/src/Illuminate/Foundation/Http/Kernel.php(201): Illuminate\\Routing\\Router->dispatch()
#50 /var/www/html/onestory-main-site/vendor/laravel/framework/src/Illuminate/Pipeline/Pipeline.php(144): Illuminate\\Foundation\\Http\\Kernel->Illuminate\\Foundation\\Http\\{closure}()
#51 /var/www/html/onestory-main-site/vendor/laravel/framework/src/Illuminate/Foundation/Http/Middleware/TransformsRequest.php(21): Illuminate\\Pipeline\\Pipeline->Illuminate\\Pipeline\\{closure}()
#52 /var/www/html/onestory-main-site/vendor/laravel/framework/src/Illuminate/Foundation/Http/Middleware/ConvertEmptyStringsToNull.php(31): Illuminate\\Foundation\\Http\\Middleware\\TransformsRequest->handle()
#53 /var/www/html/onestory-main-site/vendor/laravel/framework/src/Illuminate/Pipeline/Pipeline.php(183): Illuminate\\Foundation\\Http\\Middleware\\ConvertEmptyStringsToNull->handle()
#54 /var/www/html/onestory-main-site/vendor/laravel/framework/src/Illuminate/Foundation/Http/Middleware/TransformsRequest.php(21): Illuminate\\Pipeline\\Pipeline->Illuminate\\Pipeline\\{closure}()
#55 /var/www/html/onestory-main-site/vendor/laravel/framework/src/Illuminate/Foundation/Http/Middleware/TrimStrings.php(51): Illuminate\\Foundation\\Http\\Middleware\\TransformsRequest->handle()
#56 /var/www/html/onestory-main-site/vendor/laravel/framework/src/Illuminate/Pipeline/Pipeline.php(183): Illuminate\\Foundation\\Http\\Middleware\\TrimStrings->handle()
#57 /var/www/html/onestory-main-site/vendor/laravel/framework/src/Illuminate/Http/Middleware/ValidatePostSize.php(27): Illuminate\\Pipeline\\Pipeline->Illuminate\\Pipeline\\{closure}()
#58 /var/www/html/onestory-main-site/vendor/laravel/framework/src/Illuminate/Pipeline/Pipeline.php(183): Illuminate\\Http\\Middleware\\ValidatePostSize->handle()
#59 /var/www/html/onestory-main-site/vendor/laravel/framework/src/Illuminate/Foundation/Http/Middleware/PreventRequestsDuringMaintenance.php(110): Illuminate\\Pipeline\\Pipeline->Illuminate\\Pipeline\\{closure}()
#60 /var/www/html/onestory-main-site/vendor/laravel/framework/src/Illuminate/Pipeline/Pipeline.php(183): Illuminate\\Foundation\\Http\\Middleware\\PreventRequestsDuringMaintenance->handle()
#61 /var/www/html/onestory-main-site/vendor/laravel/framework/src/Illuminate/Http/Middleware/HandleCors.php(49): Illuminate\\Pipeline\\Pipeline->Illuminate\\Pipeline\\{closure}()
#62 /var/www/html/onestory-main-site/vendor/laravel/framework/src/Illuminate/Pipeline/Pipeline.php(183): Illuminate\\Http\\Middleware\\HandleCors->handle()
#63 /var/www/html/onestory-main-site/vendor/laravel/framework/src/Illuminate/Http/Middleware/TrustProxies.php(58): Illuminate\\Pipeline\\Pipeline->Illuminate\\Pipeline\\{closure}()
#64 /var/www/html/onestory-main-site/vendor/laravel/framework/src/Illuminate/Pipeline/Pipeline.php(183): Illuminate\\Http\\Middleware\\TrustProxies->handle()
#65 /var/www/html/onestory-main-site/vendor/laravel/framework/src/Illuminate/Foundation/Http/Middleware/InvokeDeferredCallbacks.php(22): Illuminate\\Pipeline\\Pipeline->Illuminate\\Pipeline\\{closure}()
#66 /var/www/html/onestory-main-site/vendor/laravel/framework/src/Illuminate/Pipeline/Pipeline.php(183): Illuminate\\Foundation\\Http\\Middleware\\InvokeDeferredCallbacks->handle()
#67 /var/www/html/onestory-main-site/vendor/laravel/framework/src/Illuminate/Pipeline/Pipeline.php(119): Illuminate\\Pipeline\\Pipeline->Illuminate\\Pipeline\\{closure}()
#68 /var/www/html/onestory-main-site/vendor/laravel/framework/src/Illuminate/Foundation/Http/Kernel.php(176): Illuminate\\Pipeline\\Pipeline->then()
#69 /var/www/html/onestory-main-site/vendor/laravel/framework/src/Illuminate/Foundation/Http/Kernel.php(145): Illuminate\\Foundation\\Http\\Kernel->sendRequestThroughRouter()
#70 /var/www/html/onestory-main-site/vendor/laravel/framework/src/Illuminate/Foundation/Application.php(1188): Illuminate\\Foundation\\Http\\Kernel->handle()
#71 /var/www/html/onestory-main-site/public/index.php(17): Illuminate\\Foundation\\Application->handleRequest()
#72 {main}

[previous exception] [object] (PDOException(code: 42S02): SQLSTATE[42S02]: Base table or view not found: 1146 Table 'onestory_db.follows' doesn't exist at /var/www/html/onestory-main-site/vendor/laravel/framework/src/Illuminate/Database/Connection.php:407)
[stacktrace]
#0 /var/www/html/onestory-main-site/vendor/laravel/framework/src/Illuminate/Database/Connection.php(407): PDO->prepare()
#1 /var/www/html/onestory-main-site/vendor/laravel/framework/src/Illuminate/Database/Connection.php(812): Illuminate\\Database\\Connection->Illuminate\\Database\\{closure}()
#2 /var/www/html/onestory-main-site/vendor/laravel/framework/src/Illuminate/Database/Connection.php(779): Illuminate\\Database\\Connection->runQueryCallback()
#3 /var/www/html/onestory-main-site/vendor/laravel/framework/src/Illuminate/Database/Connection.php(398): Illuminate\\Database\\Connection->run()
#4 /var/www/html/onestory-main-site/vendor/laravel/framework/src/Illuminate/Database/Query/Builder.php(3504): Illuminate\\Database\\Connection->select()
#5 /var/www/html/onestory-main-site/vendor/laravel/framework/src/Illuminate/Database/Eloquent/Builder.php(2038): Illuminate\\Database\\Query\\Builder->exists()
#6 /var/www/html/onestory-main-site/vendor/laravel/framework/src/Illuminate/Support/Traits/ForwardsCalls.php(23): Illuminate\\Database\\Eloquent\\Builder->__call()
#7 /var/www/html/onestory-main-site/vendor/laravel/framework/src/Illuminate/Support/Traits/ForwardsCalls.php(52): Illuminate\\Database\\Eloquent\\Relations\\Relation->forwardCallTo()
#8 /var/www/html/onestory-main-site/vendor/laravel/framework/src/Illuminate/Database/Eloquent/Relations/Relation.php(535): Illuminate\\Database\\Eloquent\\Relations\\Relation->forwardDecoratedCallTo()
#9 /var/www/html/onestory-main-site/app/Models/User.php(162): Illuminate\\Database\\Eloquent\\Relations\\Relation->__call()
#10 /var/www/html/onestory-main-site/app/Services/StoryService.php(355): App\\Models\\User->isFollowing()
#11 /var/www/html/onestory-main-site/app/Services/StoryService.php(309): App\\Services\\StoryService->formatAuthor()
#12 /var/www/html/onestory-main-site/app/Services/StoryService.php(302): App\\Services\\StoryService->formatStory()
#13 [internal function]: App\\Services\\StoryService->App\\Services\\{closure}()
#14 /var/www/html/onestory-main-site/vendor/laravel/framework/src/Illuminate/Collections/Arr.php(605): array_map()
#15 /var/www/html/onestory-main-site/vendor/laravel/framework/src/Illuminate/Collections/Collection.php(791): Illuminate\\Support\\Arr::map()
#16 /var/www/html/onestory-main-site/vendor/laravel/framework/src/Illuminate/Database/Eloquent/Collection.php(375): Illuminate\\Support\\Collection->map()
#17 /var/www/html/onestory-main-site/app/Services/StoryService.php(302): Illuminate\\Database\\Eloquent\\Collection->map()
#18 /var/www/html/onestory-main-site/app/Services/StoryService.php(130): App\\Services\\StoryService->getFormattedStories()
#19 /var/www/html/onestory-main-site/app/Http/Controllers/HomepageController.php(52): App\\Services\\StoryService->getStoriesByIds()
#20 /var/www/html/onestory-main-site/vendor/laravel/framework/src/Illuminate/Routing/ControllerDispatcher.php(46): App\\Http\\Controllers\\HomepageController->index()
#21 /var/www/html/onestory-main-site/vendor/laravel/framework/src/Illuminate/Routing/Route.php(264): Illuminate\\Routing\\ControllerDispatcher->dispatch()
#22 /var/www/html/onestory-main-site/vendor/laravel/framework/src/Illuminate/Routing/Route.php(210): Illuminate\\Routing\\Route->runController()
#23 /var/www/html/onestory-main-site/vendor/laravel/framework/src/Illuminate/Routing/Router.php(808): Illuminate\\Routing\\Route->run()
#24 /var/www/html/onestory-main-site/vendor/laravel/framework/src/Illuminate/Pipeline/Pipeline.php(144): Illuminate\\Routing\\Router->Illuminate\\Routing\\{closure}()
#25 /var/www/html/onestory-main-site/vendor/laravel/framework/src/Illuminate/Http/Middleware/AddLinkHeadersForPreloadedAssets.php(20): Illuminate\\Pipeline\\Pipeline->Illuminate\\Pipeline\\{closure}()
#26 /var/www/html/onestory-main-site/vendor/laravel/framework/src/Illuminate/Pipeline/Pipeline.php(183): Illuminate\\Http\\Middleware\\AddLinkHeadersForPreloadedAssets->handle()
#27 /var/www/html/onestory-main-site/app/Http/Middleware/TrackVisitor.php(49): Illuminate\\Pipeline\\Pipeline->Illuminate\\Pipeline\\{closure}()
#28 /var/www/html/onestory-main-site/vendor/laravel/framework/src/Illuminate/Pipeline/Pipeline.php(183): App\\Http\\Middleware\\TrackVisitor->handle()
#29 /var/www/html/onestory-main-site/app/Http/Middleware/LogGiftTransactionDetails.php(44): Illuminate\\Pipeline\\Pipeline->Illuminate\\Pipeline\\{closure}()
#30 /var/www/html/onestory-main-site/vendor/laravel/framework/src/Illuminate/Pipeline/Pipeline.php(183): App\\Http\\Middleware\\LogGiftTransactionDetails->handle()
#31 /var/www/html/onestory-main-site/vendor/inertiajs/inertia-laravel/src/Middleware.php(86): Illuminate\\Pipeline\\Pipeline->Illuminate\\Pipeline\\{closure}()
#32 /var/www/html/onestory-main-site/vendor/laravel/framework/src/Illuminate/Pipeline/Pipeline.php(183): Inertia\\Middleware->handle()
#33 /var/www/html/onestory-main-site/vendor/laravel/framework/src/Illuminate/Routing/Middleware/SubstituteBindings.php(51): Illuminate\\Pipeline\\Pipeline->Illuminate\\Pipeline\\{closure}()
#34 /var/www/html/onestory-main-site/vendor/laravel/framework/src/Illuminate/Pipeline/Pipeline.php(183): Illuminate\\Routing\\Middleware\\SubstituteBindings->handle()
#35 /var/www/html/onestory-main-site/vendor/laravel/framework/src/Illuminate/Foundation/Http/Middleware/VerifyCsrfToken.php(88): Illuminate\\Pipeline\\Pipeline->Illuminate\\Pipeline\\{closure}()
#36 /var/www/html/onestory-main-site/vendor/laravel/framework/src/Illuminate/Pipeline/Pipeline.php(183): Illuminate\\Foundation\\Http\\Middleware\\VerifyCsrfToken->handle()
#37 /var/www/html/onestory-main-site/vendor/laravel/framework/src/Illuminate/View/Middleware/ShareErrorsFromSession.php(49): Illuminate\\Pipeline\\Pipeline->Illuminate\\Pipeline\\{closure}()
#38 /var/www/html/onestory-main-site/vendor/laravel/framework/src/Illuminate/Pipeline/Pipeline.php(183): Illuminate\\View\\Middleware\\ShareErrorsFromSession->handle()
#39 /var/www/html/onestory-main-site/vendor/laravel/framework/src/Illuminate/Session/Middleware/StartSession.php(121): Illuminate\\Pipeline\\Pipeline->Illuminate\\Pipeline\\{closure}()
#40 /var/www/html/onestory-main-site/vendor/laravel/framework/src/Illuminate/Session/Middleware/StartSession.php(64): Illuminate\\Session\\Middleware\\StartSession->handleStatefulRequest()
#41 /var/www/html/onestory-main-site/vendor/laravel/framework/src/Illuminate/Pipeline/Pipeline.php(183): Illuminate\\Session\\Middleware\\StartSession->handle()
#42 /var/www/html/onestory-main-site/vendor/laravel/framework/src/Illuminate/Cookie/Middleware/AddQueuedCookiesToResponse.php(37): Illuminate\\Pipeline\\Pipeline->Illuminate\\Pipeline\\{closure}()
#43 /var/www/html/onestory-main-site/vendor/laravel/framework/src/Illuminate/Pipeline/Pipeline.php(183): Illuminate\\Cookie\\Middleware\\AddQueuedCookiesToResponse->handle()
#44 /var/www/html/onestory-main-site/vendor/laravel/framework/src/Illuminate/Cookie/Middleware/EncryptCookies.php(75): Illuminate\\Pipeline\\Pipeline->Illuminate\\Pipeline\\{closure}()
#45 /var/www/html/onestory-main-site/vendor/laravel/framework/src/Illuminate/Pipeline/Pipeline.php(183): Illuminate\\Cookie\\Middleware\\EncryptCookies->handle()
#46 /var/www/html/onestory-main-site/vendor/laravel/framework/src/Illuminate/Pipeline/Pipeline.php(119): Illuminate\\Pipeline\\Pipeline->Illuminate\\Pipeline\\{closure}()
#47 /var/www/html/onestory-main-site/vendor/laravel/framework/src/Illuminate/Routing/Router.php(807): Illuminate\\Pipeline\\Pipeline->then()
#48 /var/www/html/onestory-main-site/vendor/laravel/framework/src/Illuminate/Routing/Router.php(786): Illuminate\\Routing\\Router->runRouteWithinStack()
#49 /var/www/html/onestory-main-site/vendor/laravel/framework/src/Illuminate/Routing/Router.php(750): Illuminate\\Routing\\Router->runRoute()
#50 /var/www/html/onestory-main-site/vendor/laravel/framework/src/Illuminate/Routing/Router.php(739): Illuminate\\Routing\\Router->dispatchToRoute()
#51 /var/www/html/onestory-main-site/vendor/laravel/framework/src/Illuminate/Foundation/Http/Kernel.php(201): Illuminate\\Routing\\Router->dispatch()
#52 /var/www/html/onestory-main-site/vendor/laravel/framework/src/Illuminate/Pipeline/Pipeline.php(144): Illuminate\\Foundation\\Http\\Kernel->Illuminate\\Foundation\\Http\\{closure}()
#53 /var/www/html/onestory-main-site/vendor/laravel/framework/src/Illuminate/Foundation/Http/Middleware/TransformsRequest.php(21): Illuminate\\Pipeline\\Pipeline->Illuminate\\Pipeline\\{closure}()
#54 /var/www/html/onestory-main-site/vendor/laravel/framework/src/Illuminate/Foundation/Http/Middleware/ConvertEmptyStringsToNull.php(31): Illuminate\\Foundation\\Http\\Middleware\\TransformsRequest->handle()
#55 /var/www/html/onestory-main-site/vendor/laravel/framework/src/Illuminate/Pipeline/Pipeline.php(183): Illuminate\\Foundation\\Http\\Middleware\\ConvertEmptyStringsToNull->handle()
#56 /var/www/html/onestory-main-site/vendor/laravel/framework/src/Illuminate/Foundation/Http/Middleware/TransformsRequest.php(21): Illuminate\\Pipeline\\Pipeline->Illuminate\\Pipeline\\{closure}()
#57 /var/www/html/onestory-main-site/vendor/laravel/framework/src/Illuminate/Foundation/Http/Middleware/TrimStrings.php(51): Illuminate\\Foundation\\Http\\Middleware\\TransformsRequest->handle()
#58 /var/www/html/onestory-main-site/vendor/laravel/framework/src/Illuminate/Pipeline/Pipeline.php(183): Illuminate\\Foundation\\Http\\Middleware\\TrimStrings->handle()
#59 /var/www/html/onestory-main-site/vendor/laravel/framework/src/Illuminate/Http/Middleware/ValidatePostSize.php(27): Illuminate\\Pipeline\\Pipeline->Illuminate\\Pipeline\\{closure}()
#60 /var/www/html/onestory-main-site/vendor/laravel/framework/src/Illuminate/Pipeline/Pipeline.php(183): Illuminate\\Http\\Middleware\\ValidatePostSize->handle()
#61 /var/www/html/onestory-main-site/vendor/laravel/framework/src/Illuminate/Foundation/Http/Middleware/PreventRequestsDuringMaintenance.php(110): Illuminate\\Pipeline\\Pipeline->Illuminate\\Pipeline\\{closure}()
#62 /var/www/html/onestory-main-site/vendor/laravel/framework/src/Illuminate/Pipeline/Pipeline.php(183): Illuminate\\Foundation\\Http\\Middleware\\PreventRequestsDuringMaintenance->handle()
#63 /var/www/html/onestory-main-site/vendor/laravel/framework/src/Illuminate/Http/Middleware/HandleCors.php(49): Illuminate\\Pipeline\\Pipeline->Illuminate\\Pipeline\\{closure}()
#64 /var/www/html/onestory-main-site/vendor/laravel/framework/src/Illuminate/Pipeline/Pipeline.php(183): Illuminate\\Http\\Middleware\\HandleCors->handle()
#65 /var/www/html/onestory-main-site/vendor/laravel/framework/src/Illuminate/Http/Middleware/TrustProxies.php(58): Illuminate\\Pipeline\\Pipeline->Illuminate\\Pipeline\\{closure}()
#66 /var/www/html/onestory-main-site/vendor/laravel/framework/src/Illuminate/Pipeline/Pipeline.php(183): Illuminate\\Http\\Middleware\\TrustProxies->handle()
#67 /var/www/html/onestory-main-site/vendor/laravel/framework/src/Illuminate/Foundation/Http/Middleware/InvokeDeferredCallbacks.php(22): Illuminate\\Pipeline\\Pipeline->Illuminate\\Pipeline\\{closure}()
#68 /var/www/html/onestory-main-site/vendor/laravel/framework/src/Illuminate/Pipeline/Pipeline.php(183): Illuminate\\Foundation\\Http\\Middleware\\InvokeDeferredCallbacks->handle()
#69 /var/www/html/onestory-main-site/vendor/laravel/framework/src/Illuminate/Pipeline/Pipeline.php(119): Illuminate\\Pipeline\\Pipeline->Illuminate\\Pipeline\\{closure}()
#70 /var/www/html/onestory-main-site/vendor/laravel/framework/src/Illuminate/Foundation/Http/Kernel.php(176): Illuminate\\Pipeline\\Pipeline->then()
#71 /var/www/html/onestory-main-site/vendor/laravel/framework/src/Illuminate/Foundation/Http/Kernel.php(145): Illuminate\\Foundation\\Http\\Kernel->sendRequestThroughRouter()
#72 /var/www/html/onestory-main-site/vendor/laravel/framework/src/Illuminate/Foundation/Application.php(1188): Illuminate\\Foundation\\Http\\Kernel->handle()
#73 /var/www/html/onestory-main-site/public/index.php(17): Illuminate\\Foundation\\Application->handleRequest()
#74 {main}
"} 
[2026-04-16 14:18:26] production.ERROR: SQLSTATE[42S02]: Base table or view not found: 1146 Table 'onestory_db.follows' doesn't exist (Connection: mysql, SQL: select exists(select * from `users` inner join `follows` on `users`.`id` = `follows`.`following_id` where `follows`.`follower_id` = 776 and `following_id` = 23) as `exists`) {"userId":776,"exception":"[object] (Illuminate\\Database\\QueryException(code: 42S02): SQLSTATE[42S02]: Base table or view not found: 1146 Table 'onestory_db.follows' doesn't exist (Connection: mysql, SQL: select exists(select * from `users` inner join `follows` on `users`.`id` = `follows`.`following_id` where `follows`.`follower_id` = 776 and `following_id` = 23) as `exists`) at /var/www/html/onestory-main-site/vendor/laravel/framework/src/Illuminate/Database/Connection.php:825)
[stacktrace]
#0 /var/www/html/onestory-main-site/vendor/laravel/framework/src/Illuminate/Database/Connection.php(779): Illuminate\\Database\\Connection->runQueryCallback()
#1 /var/www/html/onestory-main-site/vendor/laravel/framework/src/Illuminate/Database/Connection.php(398): Illuminate\\Database\\Connection->run()
#2 /var/www/html/onestory-main-site/vendor/laravel/framework/src/Illuminate/Database/Query/Builder.php(3504): Illuminate\\Database\\Connection->select()
#3 /var/www/html/onestory-main-site/vendor/laravel/framework/src/Illuminate/Database/Eloquent/Builder.php(2038): Illuminate\\Database\\Query\\Builder->exists()
#4 /var/www/html/onestory-main-site/vendor/laravel/framework/src/Illuminate/Support/Traits/ForwardsCalls.php(23): Illuminate\\Database\\Eloquent\\Builder->__call()
#5 /var/www/html/onestory-main-site/vendor/laravel/framework/src/Illuminate/Support/Traits/ForwardsCalls.php(52): Illuminate\\Database\\Eloquent\\Relations\\Relation->forwardCallTo()
#6 /var/www/html/onestory-main-site/vendor/laravel/framework/src/Illuminate/Database/Eloquent/Relations/Relation.php(535): Illuminate\\Database\\Eloquent\\Relations\\Relation->forwardDecoratedCallTo()
#7 /var/www/html/onestory-main-site/app/Models/User.php(162): Illuminate\\Database\\Eloquent\\Relations\\Relation->__call()
#8 /var/www/html/onestory-main-site/app/Services/StoryService.php(355): App\\Models\\User->isFollowing()
#9 /var/www/html/onestory-main-site/app/Services/StoryService.php(309): App\\Services\\StoryService->formatAuthor()
#10 /var/www/html/onestory-main-site/app/Services/StoryService.php(302): App\\Services\\StoryService->formatStory()
#11 [internal function]: App\\Services\\StoryService->App\\Services\\{closure}()
#12 /var/www/html/onestory-main-site/vendor/laravel/framework/src/Illuminate/Collections/Arr.php(605): array_map()
#13 /var/www/html/onestory-main-site/vendor/laravel/framework/src/Illuminate/Collections/Collection.php(791): Illuminate\\Support\\Arr::map()
#14 /var/www/html/onestory-main-site/vendor/laravel/framework/src/Illuminate/Database/Eloquent/Collection.php(375): Illuminate\\Support\\Collection->map()
#15 /var/www/html/onestory-main-site/app/Services/StoryService.php(302): Illuminate\\Database\\Eloquent\\Collection->map()
#16 /var/www/html/onestory-main-site/app/Services/StoryService.php(130): App\\Services\\StoryService->getFormattedStories()
#17 /var/www/html/onestory-main-site/app/Http/Controllers/HomepageController.php(52): App\\Services\\StoryService->getStoriesByIds()
#18 /var/www/html/onestory-main-site/vendor/laravel/framework/src/Illuminate/Routing/ControllerDispatcher.php(46): App\\Http\\Controllers\\HomepageController->index()
#19 /var/www/html/onestory-main-site/vendor/laravel/framework/src/Illuminate/Routing/Route.php(264): Illuminate\\Routing\\ControllerDispatcher->dispatch()
#20 /var/www/html/onestory-main-site/vendor/laravel/framework/src/Illuminate/Routing/Route.php(210): Illuminate\\Routing\\Route->runController()
#21 /var/www/html/onestory-main-site/vendor/laravel/framework/src/Illuminate/Routing/Router.php(808): Illuminate\\Routing\\Route->run()
#22 /var/www/html/onestory-main-site/vendor/laravel/framework/src/Illuminate/Pipeline/Pipeline.php(144): Illuminate\\Routing\\Router->Illuminate\\Routing\\{closure}()
#23 /var/www/html/onestory-main-site/vendor/laravel/framework/src/Illuminate/Http/Middleware/AddLinkHeadersForPreloadedAssets.php(20): Illuminate\\Pipeline\\Pipeline->Illuminate\\Pipeline\\{closure}()
#24 /var/www/html/onestory-main-site/vendor/laravel/framework/src/Illuminate/Pipeline/Pipeline.php(183): Illuminate\\Http\\Middleware\\AddLinkHeadersForPreloadedAssets->handle()
#25 /var/www/html/onestory-main-site/app/Http/Middleware/TrackVisitor.php(49): Illuminate\\Pipeline\\Pipeline->Illuminate\\Pipeline\\{closure}()
#26 /var/www/html/onestory-main-site/vendor/laravel/framework/src/Illuminate/Pipeline/Pipeline.php(183): App\\Http\\Middleware\\TrackVisitor->handle()
#27 /var/www/html/onestory-main-site/app/Http/Middleware/LogGiftTransactionDetails.php(44): Illuminate\\Pipeline\\Pipeline->Illuminate\\Pipeline\\{closure}()
#28 /var/www/html/onestory-main-site/vendor/laravel/framework/src/Illuminate/Pipeline/Pipeline.php(183): App\\Http\\Middleware\\LogGiftTransactionDetails->handle()
#29 /var/www/html/onestory-main-site/vendor/inertiajs/inertia-laravel/src/Middleware.php(86): Illuminate\\Pipeline\\Pipeline->Illuminate\\Pipeline\\{closure}()
#30 /var/www/html/onestory-main-site/vendor/laravel/framework/src/Illuminate/Pipeline/Pipeline.php(183): Inertia\\Middleware->handle()
#31 /var/www/html/onestory-main-site/vendor/laravel/framework/src/Illuminate/Routing/Middleware/SubstituteBindings.php(51): Illuminate\\Pipeline\\Pipeline->Illuminate\\Pipeline\\{closure}()
#32 /var/www/html/onestory-main-site/vendor/laravel/framework/src/Illuminate/Pipeline/Pipeline.php(183): Illuminate\\Routing\\Middleware\\SubstituteBindings->handle()
#33 /var/www/html/onestory-main-site/vendor/laravel/framework/src/Illuminate/Foundation/Http/Middleware/VerifyCsrfToken.php(88): Illuminate\\Pipeline\\Pipeline->Illuminate\\Pipeline\\{closure}()
#34 /var/www/html/onestory-main-site/vendor/laravel/framework/src/Illuminate/Pipeline/Pipeline.php(183): Illuminate\\Foundation\\Http\\Middleware\\VerifyCsrfToken->handle()
#35 /var/www/html/onestory-main-site/vendor/laravel/framework/src/Illuminate/View/Middleware/ShareErrorsFromSession.php(49): Illuminate\\Pipeline\\Pipeline->Illuminate\\Pipeline\\{closure}()
#36 /var/www/html/onestory-main-site/vendor/laravel/framework/src/Illuminate/Pipeline/Pipeline.php(183): Illuminate\\View\\Middleware\\ShareErrorsFromSession->handle()
#37 /var/www/html/onestory-main-site/vendor/laravel/framework/src/Illuminate/Session/Middleware/StartSession.php(121): Illuminate\\Pipeline\\Pipeline->Illuminate\\Pipeline\\{closure}()
#38 /var/www/html/onestory-main-site/vendor/laravel/framework/src/Illuminate/Session/Middleware/StartSession.php(64): Illuminate\\Session\\Middleware\\StartSession->handleStatefulRequest()
#39 /var/www/html/onestory-main-site/vendor/laravel/framework/src/Illuminate/Pipeline/Pipeline.php(183): Illuminate\\Session\\Middleware\\StartSession->handle()
#40 /var/www/html/onestory-main-site/vendor/laravel/framework/src/Illuminate/Cookie/Middleware/AddQueuedCookiesToResponse.php(37): Illuminate\\Pipeline\\Pipeline->Illuminate\\Pipeline\\{closure}()
#41 /var/www/html/onestory-main-site/vendor/laravel/framework/src/Illuminate/Pipeline/Pipeline.php(183): Illuminate\\Cookie\\Middleware\\AddQueuedCookiesToResponse->handle()
#42 /var/www/html/onestory-main-site/vendor/laravel/framework/src/Illuminate/Cookie/Middleware/EncryptCookies.php(75): Illuminate\\Pipeline\\Pipeline->Illuminate\\Pipeline\\{closure}()
#43 /var/www/html/onestory-main-site/vendor/laravel/framework/src/Illuminate/Pipeline/Pipeline.php(183): Illuminate\\Cookie\\Middleware\\EncryptCookies->handle()
#44 /var/www/html/onestory-main-site/vendor/laravel/framework/src/Illuminate/Pipeline/Pipeline.php(119): Illuminate\\Pipeline\\Pipeline->Illuminate\\Pipeline\\{closure}()
#45 /var/www/html/onestory-main-site/vendor/laravel/framework/src/Illuminate/Routing/Router.php(807): Illuminate\\Pipeline\\Pipeline->then()
#46 /var/www/html/onestory-main-site/vendor/laravel/framework/src/Illuminate/Routing/Router.php(786): Illuminate\\Routing\\Router->runRouteWithinStack()
#47 /var/www/html/onestory-main-site/vendor/laravel/framework/src/Illuminate/Routing/Router.php(750): Illuminate\\Routing\\Router->runRoute()
#48 /var/www/html/onestory-main-site/vendor/laravel/framework/src/Illuminate/Routing/Router.php(739): Illuminate\\Routing\\Router->dispatchToRoute()
#49 /var/www/html/onestory-main-site/vendor/laravel/framework/src/Illuminate/Foundation/Http/Kernel.php(201): Illuminate\\Routing\\Router->dispatch()
#50 /var/www/html/onestory-main-site/vendor/laravel/framework/src/Illuminate/Pipeline/Pipeline.php(144): Illuminate\\Foundation\\Http\\Kernel->Illuminate\\Foundation\\Http\\{closure}()
#51 /var/www/html/onestory-main-site/vendor/laravel/framework/src/Illuminate/Foundation/Http/Middleware/TransformsRequest.php(21): Illuminate\\Pipeline\\Pipeline->Illuminate\\Pipeline\\{closure}()
#52 /var/www/html/onestory-main-site/vendor/laravel/framework/src/Illuminate/Foundation/Http/Middleware/ConvertEmptyStringsToNull.php(31): Illuminate\\Foundation\\Http\\Middleware\\TransformsRequest->handle()
#53 /var/www/html/onestory-main-site/vendor/laravel/framework/src/Illuminate/Pipeline/Pipeline.php(183): Illuminate\\Foundation\\Http\\Middleware\\ConvertEmptyStringsToNull->handle()
#54 /var/www/html/onestory-main-site/vendor/laravel/framework/src/Illuminate/Foundation/Http/Middleware/TransformsRequest.php(21): Illuminate\\Pipeline\\Pipeline->Illuminate\\Pipeline\\{closure}()
#55 /var/www/html/onestory-main-site/vendor/laravel/framework/src/Illuminate/Foundation/Http/Middleware/TrimStrings.php(51): Illuminate\\Foundation\\Http\\Middleware\\TransformsRequest->handle()
#56 /var/www/html/onestory-main-site/vendor/laravel/framework/src/Illuminate/Pipeline/Pipeline.php(183): Illuminate\\Foundation\\Http\\Middleware\\TrimStrings->handle()
#57 /var/www/html/onestory-main-site/vendor/laravel/framework/src/Illuminate/Http/Middleware/ValidatePostSize.php(27): Illuminate\\Pipeline\\Pipeline->Illuminate\\Pipeline\\{closure}()
#58 /var/www/html/onestory-main-site/vendor/laravel/framework/src/Illuminate/Pipeline/Pipeline.php(183): Illuminate\\Http\\Middleware\\ValidatePostSize->handle()
#59 /var/www/html/onestory-main-site/vendor/laravel/framework/src/Illuminate/Foundation/Http/Middleware/PreventRequestsDuringMaintenance.php(110): Illuminate\\Pipeline\\Pipeline->Illuminate\\Pipeline\\{closure}()
#60 /var/www/html/onestory-main-site/vendor/laravel/framework/src/Illuminate/Pipeline/Pipeline.php(183): Illuminate\\Foundation\\Http\\Middleware\\PreventRequestsDuringMaintenance->handle()
#61 /var/www/html/onestory-main-site/vendor/laravel/framework/src/Illuminate/Http/Middleware/HandleCors.php(49): Illuminate\\Pipeline\\Pipeline->Illuminate\\Pipeline\\{closure}()
#62 /var/www/html/onestory-main-site/vendor/laravel/framework/src/Illuminate/Pipeline/Pipeline.php(183): Illuminate\\Http\\Middleware\\HandleCors->handle()
#63 /var/www/html/onestory-main-site/vendor/laravel/framework/src/Illuminate/Http/Middleware/TrustProxies.php(58): Illuminate\\Pipeline\\Pipeline->Illuminate\\Pipeline\\{closure}()
#64 /var/www/html/onestory-main-site/vendor/laravel/framework/src/Illuminate/Pipeline/Pipeline.php(183): Illuminate\\Http\\Middleware\\TrustProxies->handle()
#65 /var/www/html/onestory-main-site/vendor/laravel/framework/src/Illuminate/Foundation/Http/Middleware/InvokeDeferredCallbacks.php(22): Illuminate\\Pipeline\\Pipeline->Illuminate\\Pipeline\\{closure}()
#66 /var/www/html/onestory-main-site/vendor/laravel/framework/src/Illuminate/Pipeline/Pipeline.php(183): Illuminate\\Foundation\\Http\\Middleware\\InvokeDeferredCallbacks->handle()
#67 /var/www/html/onestory-main-site/vendor/laravel/framework/src/Illuminate/Pipeline/Pipeline.php(119): Illuminate\\Pipeline\\Pipeline->Illuminate\\Pipeline\\{closure}()
#68 /var/www/html/onestory-main-site/vendor/laravel/framework/src/Illuminate/Foundation/Http/Kernel.php(176): Illuminate\\Pipeline\\Pipeline->then()
#69 /var/www/html/onestory-main-site/vendor/laravel/framework/src/Illuminate/Foundation/Http/Kernel.php(145): Illuminate\\Foundation\\Http\\Kernel->sendRequestThroughRouter()
#70 /var/www/html/onestory-main-site/vendor/laravel/framework/src/Illuminate/Foundation/Application.php(1188): Illuminate\\Foundation\\Http\\Kernel->handle()
#71 /var/www/html/onestory-main-site/public/index.php(17): Illuminate\\Foundation\\Application->handleRequest()
#72 {main}

[previous exception] [object] (PDOException(code: 42S02): SQLSTATE[42S02]: Base table or view not found: 1146 Table 'onestory_db.follows' doesn't exist at /var/www/html/onestory-main-site/vendor/laravel/framework/src/Illuminate/Database/Connection.php:407)
[stacktrace]
#0 /var/www/html/onestory-main-site/vendor/laravel/framework/src/Illuminate/Database/Connection.php(407): PDO->prepare()
#1 /var/www/html/onestory-main-site/vendor/laravel/framework/src/Illuminate/Database/Connection.php(812): Illuminate\\Database\\Connection->Illuminate\\Database\\{closure}()
#2 /var/www/html/onestory-main-site/vendor/laravel/framework/src/Illuminate/Database/Connection.php(779): Illuminate\\Database\\Connection->runQueryCallback()
#3 /var/www/html/onestory-main-site/vendor/laravel/framework/src/Illuminate/Database/Connection.php(398): Illuminate\\Database\\Connection->run()
#4 /var/www/html/onestory-main-site/vendor/laravel/framework/src/Illuminate/Database/Query/Builder.php(3504): Illuminate\\Database\\Connection->select()
#5 /var/www/html/onestory-main-site/vendor/laravel/framework/src/Illuminate/Database/Eloquent/Builder.php(2038): Illuminate\\Database\\Query\\Builder->exists()
#6 /var/www/html/onestory-main-site/vendor/laravel/framework/src/Illuminate/Support/Traits/ForwardsCalls.php(23): Illuminate\\Database\\Eloquent\\Builder->__call()
#7 /var/www/html/onestory-main-site/vendor/laravel/framework/src/Illuminate/Support/Traits/ForwardsCalls.php(52): Illuminate\\Database\\Eloquent\\Relations\\Relation->forwardCallTo()
#8 /var/www/html/onestory-main-site/vendor/laravel/framework/src/Illuminate/Database/Eloquent/Relations/Relation.php(535): Illuminate\\Database\\Eloquent\\Relations\\Relation->forwardDecoratedCallTo()
#9 /var/www/html/onestory-main-site/app/Models/User.php(162): Illuminate\\Database\\Eloquent\\Relations\\Relation->__call()
#10 /var/www/html/onestory-main-site/app/Services/StoryService.php(355): App\\Models\\User->isFollowing()
#11 /var/www/html/onestory-main-site/app/Services/StoryService.php(309): App\\Services\\StoryService->formatAuthor()
#12 /var/www/html/onestory-main-site/app/Services/StoryService.php(302): App\\Services\\StoryService->formatStory()
#13 [internal function]: App\\Services\\StoryService->App\\Services\\{closure}()
#14 /var/www/html/onestory-main-site/vendor/laravel/framework/src/Illuminate/Collections/Arr.php(605): array_map()
#15 /var/www/html/onestory-main-site/vendor/laravel/framework/src/Illuminate/Collections/Collection.php(791): Illuminate\\Support\\Arr::map()
#16 /var/www/html/onestory-main-site/vendor/laravel/framework/src/Illuminate/Database/Eloquent/Collection.php(375): Illuminate\\Support\\Collection->map()
#17 /var/www/html/onestory-main-site/app/Services/StoryService.php(302): Illuminate\\Database\\Eloquent\\Collection->map()
#18 /var/www/html/onestory-main-site/app/Services/StoryService.php(130): App\\Services\\StoryService->getFormattedStories()
#19 /var/www/html/onestory-main-site/app/Http/Controllers/HomepageController.php(52): App\\Services\\StoryService->getStoriesByIds()
#20 /var/www/html/onestory-main-site/vendor/laravel/framework/src/Illuminate/Routing/ControllerDispatcher.php(46): App\\Http\\Controllers\\HomepageController->index()
#21 /var/www/html/onestory-main-site/vendor/laravel/framework/src/Illuminate/Routing/Route.php(264): Illuminate\\Routing\\ControllerDispatcher->dispatch()
#22 /var/www/html/onestory-main-site/vendor/laravel/framework/src/Illuminate/Routing/Route.php(210): Illuminate\\Routing\\Route->runController()
#23 /var/www/html/onestory-main-site/vendor/laravel/framework/src/Illuminate/Routing/Router.php(808): Illuminate\\Routing\\Route->run()
#24 /var/www/html/onestory-main-site/vendor/laravel/framework/src/Illuminate/Pipeline/Pipeline.php(144): Illuminate\\Routing\\Router->Illuminate\\Routing\\{closure}()
#25 /var/www/html/onestory-main-site/vendor/laravel/framework/src/Illuminate/Http/Middleware/AddLinkHeadersForPreloadedAssets.php(20): Illuminate\\Pipeline\\Pipeline->Illuminate\\Pipeline\\{closure}()
#26 /var/www/html/onestory-main-site/vendor/laravel/framework/src/Illuminate/Pipeline/Pipeline.php(183): Illuminate\\Http\\Middleware\\AddLinkHeadersForPreloadedAssets->handle()
#27 /var/www/html/onestory-main-site/app/Http/Middleware/TrackVisitor.php(49): Illuminate\\Pipeline\\Pipeline->Illuminate\\Pipeline\\{closure}()
#28 /var/www/html/onestory-main-site/vendor/laravel/framework/src/Illuminate/Pipeline/Pipeline.php(183): App\\Http\\Middleware\\TrackVisitor->handle()
#29 /var/www/html/onestory-main-site/app/Http/Middleware/LogGiftTransactionDetails.php(44): Illuminate\\Pipeline\\Pipeline->Illuminate\\Pipeline\\{closure}()
#30 /var/www/html/onestory-main-site/vendor/laravel/framework/src/Illuminate/Pipeline/Pipeline.php(183): App\\Http\\Middleware\\LogGiftTransactionDetails->handle()
#31 /var/www/html/onestory-main-site/vendor/inertiajs/inertia-laravel/src/Middleware.php(86): Illuminate\\Pipeline\\Pipeline->Illuminate\\Pipeline\\{closure}()
#32 /var/www/html/onestory-main-site/vendor/laravel/framework/src/Illuminate/Pipeline/Pipeline.php(183): Inertia\\Middleware->handle()
#33 /var/www/html/onestory-main-site/vendor/laravel/framework/src/Illuminate/Routing/Middleware/SubstituteBindings.php(51): Illuminate\\Pipeline\\Pipeline->Illuminate\\Pipeline\\{closure}()
#34 /var/www/html/onestory-main-site/vendor/laravel/framework/src/Illuminate/Pipeline/Pipeline.php(183): Illuminate\\Routing\\Middleware\\SubstituteBindings->handle()
#35 /var/www/html/onestory-main-site/vendor/laravel/framework/src/Illuminate/Foundation/Http/Middleware/VerifyCsrfToken.php(88): Illuminate\\Pipeline\\Pipeline->Illuminate\\Pipeline\\{closure}()
#36 /var/www/html/onestory-main-site/vendor/laravel/framework/src/Illuminate/Pipeline/Pipeline.php(183): Illuminate\\Foundation\\Http\\Middleware\\VerifyCsrfToken->handle()
#37 /var/www/html/onestory-main-site/vendor/laravel/framework/src/Illuminate/View/Middleware/ShareErrorsFromSession.php(49): Illuminate\\Pipeline\\Pipeline->Illuminate\\Pipeline\\{closure}()
#38 /var/www/html/onestory-main-site/vendor/laravel/framework/src/Illuminate/Pipeline/Pipeline.php(183): Illuminate\\View\\Middleware\\ShareErrorsFromSession->handle()
#39 /var/www/html/onestory-main-site/vendor/laravel/framework/src/Illuminate/Session/Middleware/StartSession.php(121): Illuminate\\Pipeline\\Pipeline->Illuminate\\Pipeline\\{closure}()
#40 /var/www/html/onestory-main-site/vendor/laravel/framework/src/Illuminate/Session/Middleware/StartSession.php(64): Illuminate\\Session\\Middleware\\StartSession->handleStatefulRequest()
#41 /var/www/html/onestory-main-site/vendor/laravel/framework/src/Illuminate/Pipeline/Pipeline.php(183): Illuminate\\Session\\Middleware\\StartSession->handle()
#42 /var/www/html/onestory-main-site/vendor/laravel/framework/src/Illuminate/Cookie/Middleware/AddQueuedCookiesToResponse.php(37): Illuminate\\Pipeline\\Pipeline->Illuminate\\Pipeline\\{closure}()
#43 /var/www/html/onestory-main-site/vendor/laravel/framework/src/Illuminate/Pipeline/Pipeline.php(183): Illuminate\\Cookie\\Middleware\\AddQueuedCookiesToResponse->handle()
#44 /var/www/html/onestory-main-site/vendor/laravel/framework/src/Illuminate/Cookie/Middleware/EncryptCookies.php(75): Illuminate\\Pipeline\\Pipeline->Illuminate\\Pipeline\\{closure}()
#45 /var/www/html/onestory-main-site/vendor/laravel/framework/src/Illuminate/Pipeline/Pipeline.php(183): Illuminate\\Cookie\\Middleware\\EncryptCookies->handle()
#46 /var/www/html/onestory-main-site/vendor/laravel/framework/src/Illuminate/Pipeline/Pipeline.php(119): Illuminate\\Pipeline\\Pipeline->Illuminate\\Pipeline\\{closure}()
#47 /var/www/html/onestory-main-site/vendor/laravel/framework/src/Illuminate/Routing/Router.php(807): Illuminate\\Pipeline\\Pipeline->then()
#48 /var/www/html/onestory-main-site/vendor/laravel/framework/src/Illuminate/Routing/Router.php(786): Illuminate\\Routing\\Router->runRouteWithinStack()
#49 /var/www/html/onestory-main-site/vendor/laravel/framework/src/Illuminate/Routing/Router.php(750): Illuminate\\Routing\\Router->runRoute()
#50 /var/www/html/onestory-main-site/vendor/laravel/framework/src/Illuminate/Routing/Router.php(739): Illuminate\\Routing\\Router->dispatchToRoute()
#51 /var/www/html/onestory-main-site/vendor/laravel/framework/src/Illuminate/Foundation/Http/Kernel.php(201): Illuminate\\Routing\\Router->dispatch()
#52 /var/www/html/onestory-main-site/vendor/laravel/framework/src/Illuminate/Pipeline/Pipeline.php(144): Illuminate\\Foundation\\Http\\Kernel->Illuminate\\Foundation\\Http\\{closure}()
#53 /var/www/html/onestory-main-site/vendor/laravel/framework/src/Illuminate/Foundation/Http/Middleware/TransformsRequest.php(21): Illuminate\\Pipeline\\Pipeline->Illuminate\\Pipeline\\{closure}()
#54 /var/www/html/onestory-main-site/vendor/laravel/framework/src/Illuminate/Foundation/Http/Middleware/ConvertEmptyStringsToNull.php(31): Illuminate\\Foundation\\Http\\Middleware\\TransformsRequest->handle()
#55 /var/www/html/onestory-main-site/vendor/laravel/framework/src/Illuminate/Pipeline/Pipeline.php(183): Illuminate\\Foundation\\Http\\Middleware\\ConvertEmptyStringsToNull->handle()
#56 /var/www/html/onestory-main-site/vendor/laravel/framework/src/Illuminate/Foundation/Http/Middleware/TransformsRequest.php(21): Illuminate\\Pipeline\\Pipeline->Illuminate\\Pipeline\\{closure}()
#57 /var/www/html/onestory-main-site/vendor/laravel/framework/src/Illuminate/Foundation/Http/Middleware/TrimStrings.php(51): Illuminate\\Foundation\\Http\\Middleware\\TransformsRequest->handle()
#58 /var/www/html/onestory-main-site/vendor/laravel/framework/src/Illuminate/Pipeline/Pipeline.php(183): Illuminate\\Foundation\\Http\\Middleware\\TrimStrings->handle()
#59 /var/www/html/onestory-main-site/vendor/laravel/framework/src/Illuminate/Http/Middleware/ValidatePostSize.php(27): Illuminate\\Pipeline\\Pipeline->Illuminate\\Pipeline\\{closure}()
#60 /var/www/html/onestory-main-site/vendor/laravel/framework/src/Illuminate/Pipeline/Pipeline.php(183): Illuminate\\Http\\Middleware\\ValidatePostSize->handle()
#61 /var/www/html/onestory-main-site/vendor/laravel/framework/src/Illuminate/Foundation/Http/Middleware/PreventRequestsDuringMaintenance.php(110): Illuminate\\Pipeline\\Pipeline->Illuminate\\Pipeline\\{closure}()
#62 /var/www/html/onestory-main-site/vendor/laravel/framework/src/Illuminate/Pipeline/Pipeline.php(183): Illuminate\\Foundation\\Http\\Middleware\\PreventRequestsDuringMaintenance->handle()
#63 /var/www/html/onestory-main-site/vendor/laravel/framework/src/Illuminate/Http/Middleware/HandleCors.php(49): Illuminate\\Pipeline\\Pipeline->Illuminate\\Pipeline\\{closure}()
#64 /var/www/html/onestory-main-site/vendor/laravel/framework/src/Illuminate/Pipeline/Pipeline.php(183): Illuminate\\Http\\Middleware\\HandleCors->handle()
#65 /var/www/html/onestory-main-site/vendor/laravel/framework/src/Illuminate/Http/Middleware/TrustProxies.php(58): Illuminate\\Pipeline\\Pipeline->Illuminate\\Pipeline\\{closure}()
#66 /var/www/html/onestory-main-site/vendor/laravel/framework/src/Illuminate/Pipeline/Pipeline.php(183): Illuminate\\Http\\Middleware\\TrustProxies->handle()
#67 /var/www/html/onestory-main-site/vendor/laravel/framework/src/Illuminate/Foundation/Http/Middleware/InvokeDeferredCallbacks.php(22): Illuminate\\Pipeline\\Pipeline->Illuminate\\Pipeline\\{closure}()
#68 /var/www/html/onestory-main-site/vendor/laravel/framework/src/Illuminate/Pipeline/Pipeline.php(183): Illuminate\\Foundation\\Http\\Middleware\\InvokeDeferredCallbacks->handle()
#69 /var/www/html/onestory-main-site/vendor/laravel/framework/src/Illuminate/Pipeline/Pipeline.php(119): Illuminate\\Pipeline\\Pipeline->Illuminate\\Pipeline\\{closure}()
#70 /var/www/html/onestory-main-site/vendor/laravel/framework/src/Illuminate/Foundation/Http/Kernel.php(176): Illuminate\\Pipeline\\Pipeline->then()
#71 /var/www/html/onestory-main-site/vendor/laravel/framework/src/Illuminate/Foundation/Http/Kernel.php(145): Illuminate\\Foundation\\Http\\Kernel->sendRequestThroughRouter()
#72 /var/www/html/onestory-main-site/vendor/laravel/framework/src/Illuminate/Foundation/Application.php(1188): Illuminate\\Foundation\\Http\\Kernel->handle()
#73 /var/www/html/onestory-main-site/public/index.php(17): Illuminate\\Foundation\\Application->handleRequest()
#74 {main}
"} 
